"frontline_level","band","level_in_band","incoming_pressure_multiplier","defense_output_multiplier","pressure_capacity_multiplier","progress_requirement_multiplier","reward_multiplier","sample_push_pressure_per_second","sample_base_defense_per_second","sample_push_gold_per_minute","sample_push_scrap_per_minute","milestone_gold","milestone_scrap","next_band_level"
"1","1","0","1","1","1","1","1","13","13","34.5","4.6","0","0","11"
"2","1","1","1.07","1.025","1.04","1.05","1.05","13.91","13.325","36.225","4.83","0","0","11"
"3","1","2","1.14","1.05","1.08","1.1","1.1","14.82","13.65","37.95","5.06","0","0","11"
"4","1","3","1.21","1.075","1.12","1.15","1.15","15.73","13.975","39.675","5.29","0","0","11"
"5","1","4","1.28","1.1","1.16","1.2","1.2","16.64","14.3","41.4","5.52","0","0","11"
"6","1","5","1.35","1.125","1.2","1.25","1.25","17.55","14.625","43.125","5.75","0","0","11"
"7","1","6","1.42","1.15","1.24","1.3","1.3","18.46","14.95","44.85","5.98","0","0","11"
"8","1","7","1.49","1.175","1.28","1.35","1.35","19.37","15.275","46.575","6.21","0","0","11"
"9","1","8","1.56","1.2","1.32","1.4","1.4","20.28","15.6","48.3","6.44","0","0","11"
"10","1","9","1.63","1.225","1.36","1.45","1.45","21.19","15.925","50.025","6.67","0","0","11"
"11","2","0","1.65","1.45","1.4","1.5","1.5","21.45","18.85","51.75","6.9","120","16","21"
"12","2","1","1.7655","1.48625","1.456","1.575","1.575","22.952","19.321","54.338","7.245","0","0","21"
"13","2","2","1.881","1.5225","1.512","1.65","1.65","24.453","19.792","56.925","7.59","0","0","21"
"14","2","3","1.9965","1.55875","1.568","1.725","1.725","25.954","20.264","59.512","7.935","0","0","21"
"15","2","4","2.112","1.595","1.624","1.8","1.8","27.456","20.735","62.1","8.28","0","0","21"
"16","2","5","2.2275","1.63125","1.68","1.875","1.875","28.958","21.206","64.688","8.625","0","0","21"
"17","2","6","2.343","1.6675","1.736","1.95","1.95","30.459","21.678","67.275","8.97","0","0","21"
"18","2","7","2.4585","1.70375","1.792","2.025","2.025","31.961","22.149","69.863","9.315","0","0","21"
"19","2","8","2.574","1.74","1.848","2.1","2.1","33.462","22.62","72.45","9.66","0","0","21"
"20","2","9","2.6895","1.77625","1.904","2.175","2.175","34.964","23.091","75.038","10.005","0","0","21"
"21","3","0","2.7225","2.1025","1.96","2.25","2.25","35.392","27.332","77.625","10.35","192","26","31"
"22","3","1","2.913075","2.155062","2.0384","2.3625","2.3625","37.87","28.016","81.506","10.868","0","0","31"
"23","3","2","3.10365","2.207625","2.1168","2.475","2.475","40.347","28.699","85.387","11.385","0","0","31"
"24","3","3","3.294225","2.260188","2.1952","2.5875","2.5875","42.825","29.382","89.269","11.902","0","0","31"
"25","3","4","3.4848","2.31275","2.2736","2.7","2.7","45.302","30.066","93.15","12.42","0","0","31"
"26","3","5","3.675375","2.365312","2.352","2.8125","2.8125","47.78","30.749","97.031","12.937","0","0","31"
"27","3","6","3.86595","2.417875","2.4304","2.925","2.925","50.257","31.432","100.913","13.455","0","0","31"
"28","3","7","4.056525","2.470438","2.5088","3.0375","3.0375","52.735","32.116","104.794","13.972","0","0","31"
"29","3","8","4.2471","2.523","2.5872","3.15","3.15","55.212","32.799","108.675","14.49","0","0","31"
"30","3","9","4.437675","2.575562","2.6656","3.2625","3.2625","57.69","33.482","112.556","15.007","0","0","31"
"31","4","0","4.492125","3.048625","2.744","3.375","3.375","58.398","39.632","116.437","15.525","308","41","41"
"32","4","1","4.806574","3.124841","2.85376","3.54375","3.54375","62.485","40.623","122.259","16.301","0","0","41"
"33","4","2","5.121023","3.201056","2.96352","3.7125","3.7125","66.573","41.614","128.081","17.078","0","0","41"
"34","4","3","5.435471","3.277272","3.07328","3.88125","3.88125","70.661","42.605","133.903","17.854","0","0","41"
"35","4","4","5.74992","3.353488","3.18304","4.05","4.05","74.749","43.595","139.725","18.63","0","0","41"
"36","4","5","6.064369","3.429703","3.2928","4.21875","4.21875","78.837","44.586","145.547","19.406","0","0","41"
"37","4","6","6.378817","3.505919","3.40256","4.3875","4.3875","82.925","45.577","151.369","20.182","0","0","41"
"38","4","7","6.693266","3.582134","3.51232","4.55625","4.55625","87.012","46.568","157.191","20.959","0","0","41"
"39","4","8","7.007715","3.65835","3.62208","4.725","4.725","91.1","47.559","163.012","21.735","0","0","41"
"40","4","9","7.322164","3.734566","3.73184","4.89375","4.89375","95.188","48.549","168.834","22.511","0","0","41"
"41","5","0","7.412006","4.420506","3.8416","5.0625","5.0625","96.356","57.467","174.656","23.287","492","66","51"
"42","5","1","7.930847","4.531019","3.995264","5.315625","5.315625","103.101","58.903","183.389","24.452","0","0","51"
"43","5","2","8.449687","4.641532","4.148928","5.56875","5.56875","109.846","60.34","192.122","25.616","0","0","51"
"44","5","3","8.968528","4.752044","4.302592","5.821875","5.821875","116.591","61.777","200.855","26.781","0","0","51"
"45","5","4","9.487368","4.862557","4.456256","6.075","6.075","123.336","63.213","209.587","27.945","0","0","51"
"46","5","5","10.006208","4.97307","4.60992","6.328125","6.328125","130.081","64.65","218.32","29.109","0","0","51"
"47","5","6","10.525049","5.083582","4.763584","6.58125","6.58125","136.826","66.087","227.053","30.274","0","0","51"
"48","5","7","11.043889","5.194095","4.917248","6.834375","6.834375","143.571","67.523","235.786","31.438","0","0","51"
"49","5","8","11.56273","5.304607","5.070912","7.0875","7.0875","150.315","68.96","244.519","32.602","0","0","51"
"50","5","9","12.08157","5.41512","5.224576","7.340625","7.340625","157.06","70.397","253.252","33.767","0","0","51"
"51","6","0","12.22981","6.409734","5.37824","7.59375","7.59375","158.988","83.327","261.984","34.931","787","105","61"
"52","6","1","13.085897","6.569977","5.59337","7.973438","7.973438","170.117","85.41","275.084","36.678","0","0","61"
"53","6","2","13.941984","6.730221","5.808499","8.353125","8.353125","181.246","87.493","288.183","38.424","0","0","61"
"54","6","3","14.79807","6.890464","6.023629","8.732812","8.732812","192.375","89.576","301.282","40.171","0","0","61"
"55","6","4","15.654157","7.050707","6.238758","9.1125","9.1125","203.504","91.659","314.381","41.917","0","0","61"
"56","6","5","16.510244","7.210951","6.453888","9.492188","9.492188","214.633","93.742","327.48","43.664","0","0","61"
"57","6","6","17.366331","7.371194","6.669018","9.871875","9.871875","225.762","95.826","340.58","45.411","0","0","61"
"58","6","7","18.222417","7.531438","6.884147","10.251562","10.251562","236.891","97.909","353.679","47.157","0","0","61"
"59","6","8","19.078504","7.691681","7.099277","10.63125","10.63125","248.021","99.992","366.778","48.904","0","0","61"
"60","6","9","19.934591","7.851924","7.314406","11.010937","11.010937","259.15","102.075","379.877","50.65","0","0","61"
"61","7","0","20.179187","9.294114","7.529536","11.390625","11.390625","262.329","120.823","392.977","52.397","1259","168","71"
"62","7","1","21.59173","9.526467","7.830717","11.960156","11.960156","280.692","123.844","412.625","55.017","0","0","71"
"63","7","2","23.004273","9.75882","8.131899","12.529688","12.529688","299.056","126.865","432.274","57.637","0","0","71"
"64","7","3","24.416816","9.991173","8.43308","13.099219","13.099219","317.419","129.885","451.923","60.256","0","0","71"
"65","7","4","25.829359","10.223526","8.734262","13.66875","13.66875","335.782","132.906","471.572","62.876","0","0","71"
"66","7","5","27.241902","10.455879","9.035443","14.238281","14.238281","354.145","135.926","491.221","65.496","0","0","71"
"67","7","6","28.654446","10.688232","9.336625","14.807812","14.807812","372.508","138.947","510.87","68.116","0","0","71"
"68","7","7","30.066989","10.920584","9.637806","15.377344","15.377344","390.871","141.968","530.518","70.736","0","0","71"
"69","7","8","31.479532","11.152937","9.938988","15.946875","15.946875","409.234","144.988","550.167","73.356","0","0","71"
"70","7","9","32.892075","11.38529","10.240169","16.516406","16.516406","427.597","148.009","569.816","75.975","0","0","71"
"71","8","0","33.295659","13.476466","10.54135","17.085938","17.085938","432.844","175.194","589.465","78.595","2014","269","81"
"72","8","1","35.626355","13.813378","10.963004","17.940234","17.940234","463.143","179.574","618.938","82.525","0","0","81"
"73","8","2","37.957051","14.150289","11.384658","18.794531","18.794531","493.442","183.954","648.411","86.455","0","0","81"
"74","8","3","40.287747","14.487201","11.806312","19.648828","19.648828","523.741","188.334","677.885","90.385","0","0","81"
"75","8","4","42.618443","14.824112","12.227966","20.503125","20.503125","554.04","192.713","707.358","94.314","0","0","81"
"76","8","5","44.949139","15.161024","12.64962","21.357422","21.357422","584.339","197.093","736.831","98.244","0","0","81"
"77","8","6","47.279835","15.497936","13.071274","22.211719","22.211719","614.638","201.473","766.304","102.174","0","0","81"
"78","8","7","49.610531","15.834847","13.492929","23.066016","23.066016","644.937","205.853","795.778","106.104","0","0","81"
"79","8","8","51.941227","16.171759","13.914583","23.920312","23.920312","675.236","210.233","825.251","110.033","0","0","81"
"80","8","9","54.271923","16.508671","14.336237","24.774609","24.774609","705.535","214.613","854.724","113.963","0","0","81"
"81","9","0","54.937837","19.540876","14.757891","25.628906","25.628906","714.192","254.031","884.197","117.893","3222","430","91"
"82","9","1","58.783485","20.029397","15.348206","26.910352","26.910352","764.185","260.382","928.407","123.788","0","0","91"
"83","9","2","62.629134","20.517919","15.938522","28.191797","28.191797","814.179","266.733","972.617","129.682","0","0","91"
"84","9","3","66.474782","21.006441","16.528837","29.473242","29.473242","864.172","273.084","1016.827","135.577","0","0","91"
"85","9","4","70.320431","21.494963","17.119153","30.754688","30.754688","914.166","279.435","1061.037","141.472","0","0","91"
"86","9","5","74.166079","21.983485","17.709469","32.036133","32.036133","964.159","285.785","1105.247","147.366","0","0","91"
"87","9","6","78.011728","22.472007","18.299784","33.317578","33.317578","1014.152","292.136","1149.456","153.261","0","0","91"
"88","9","7","81.857377","22.960529","18.8901","34.599023","34.599023","1064.146","298.487","1193.666","159.156","0","0","91"
"89","9","8","85.703025","23.449051","19.480416","35.880469","35.880469","1114.139","304.838","1237.876","165.05","0","0","91"
"90","9","9","89.548674","23.937572","20.070731","37.161914","37.161914","1164.133","311.188","1282.086","170.945","0","0","91"
"91","10","0","90.64743","28.334269","20.661047","38.443359","38.443359","1178.417","368.346","1326.296","176.839","5154","688","101"
"92","10","1","96.992751","29.042626","21.487489","40.365527","40.365527","1260.906","377.554","1392.611","185.681","0","0","101"
"93","10","2","103.338071","29.750983","22.313931","42.287695","42.287695","1343.395","386.763","1458.925","194.523","0","0","101"
"94","10","3","109.683391","30.45934","23.140372","44.209863","44.209863","1425.884","395.971","1525.24","203.365","0","0","101"
"95","10","4","116.028711","31.167696","23.966814","46.132031","46.132031","1508.373","405.18","1591.555","212.207","0","0","101"
"96","10","5","122.374031","31.876053","24.793256","48.054199","48.054199","1590.862","414.389","1657.87","221.049","0","0","101"
"97","10","6","128.719351","32.58441","25.619698","49.976367","49.976367","1673.352","423.597","1724.185","229.891","0","0","101"
"98","10","7","135.064671","33.292767","26.44614","51.898535","51.898535","1755.841","432.806","1790.499","238.733","0","0","101"
"99","10","8","141.409992","34.001123","27.272582","53.820703","53.820703","1838.33","442.015","1856.814","247.575","0","0","101"
"100","10","9","147.755312","34.70948","28.099024","55.742871","55.742871","1920.819","451.223","1923.129","256.417","0","0","101"
"101","11","0","149.56826","41.084691","28.925465","57.665039","57.665039","1944.387","534.101","1989.444","265.259","8247","1100","111"
"102","11","1","160.038038","42.111808","30.082484","60.548291","60.548291","2080.495","547.454","2088.916","278.522","0","0","111"
"103","11","2","170.507817","43.138925","31.239503","63.431543","63.431543","2216.602","560.806","2188.388","291.785","0","0","111"
"104","11","3","180.977595","44.166043","32.396521","66.314795","66.314795","2352.709","574.159","2287.86","305.048","0","0","111"
"105","11","4","191.447373","45.19316","33.55354","69.198047","69.198047","2488.816","587.511","2387.333","318.311","0","0","111"
"106","11","5","201.917151","46.220277","34.710559","72.081299","72.081299","2624.923","600.864","2486.805","331.574","0","0","111"
"107","11","6","212.38693","47.247394","35.867577","74.964551","74.964551","2761.03","614.216","2586.277","344.837","0","0","111"
"108","11","7","222.856708","48.274512","37.024596","77.847803","77.847803","2897.137","627.569","2685.749","358.1","0","0","111"
"109","11","8","233.326486","49.301629","38.181614","80.731055","80.731055","3033.244","640.921","2785.221","371.363","0","0","111"
"110","11","9","243.796264","50.328746","39.338633","83.614307","83.614307","3169.351","654.274","2884.694","384.626","0","0","111"
"111","12","0","246.787629","59.572802","40.495652","86.497559","86.497559","3208.239","774.446","2984.166","397.889","13195","1760","121"
"112","12","1","264.062764","61.062122","42.115478","90.822437","90.822437","3432.816","793.808","3133.374","417.783","0","0","121"
"113","12","2","281.337898","62.551442","43.735304","95.147314","95.147314","3657.393","813.169","3282.582","437.678","0","0","121"
"114","12","3","298.613032","64.040762","45.35513","99.472192","99.472192","3881.969","832.53","3431.791","457.572","0","0","121"
"115","12","4","315.888166","65.530082","46.974956","103.79707","103.79707","4106.546","851.891","3580.999","477.467","0","0","121"
"116","12","5","333.1633","67.019402","48.594782","108.121948","108.121948","4331.123","871.252","3730.207","497.361","0","0","121"
"117","12","6","350.438434","68.508722","50.214608","112.446826","112.446826","4555.7","890.613","3879.416","517.255","0","0","121"
"118","12","7","367.713568","69.998042","51.834434","116.771704","116.771704","4780.276","909.975","4028.624","537.15","0","0","121"
"119","12","8","384.988702","71.487362","53.45426","121.096582","121.096582","5004.853","929.336","4177.832","557.044","0","0","121"
"120","12","9","402.263836","72.976682","55.074086","125.42146","125.42146","5229.43","948.697","4327.04","576.939","0","0","121"
"121","13","0","407.199589","86.380562","56.693912","129.746338","129.746338","5293.595","1122.947","4476.249","596.833","21111","2815","131"
"122","13","1","435.70356","88.540076","58.961669","136.233655","136.233655","5664.146","1151.021","4700.061","626.675","0","0","131"
"123","13","2","464.207531","90.69959","61.229425","142.720972","142.720972","6034.698","1179.095","4923.874","656.516","0","0","131"
"124","13","3","492.711502","92.859104","63.497182","149.208289","149.208289","6405.25","1207.168","5147.686","686.358","0","0","131"
"125","13","4","521.215473","95.018619","65.764938","155.695605","155.695605","6775.801","1235.242","5371.498","716.2","0","0","131"
"126","13","5","549.719445","97.178133","68.032695","162.182922","162.182922","7146.353","1263.316","5595.311","746.041","0","0","131"
"127","13","6","578.223416","99.337647","70.300451","168.670239","168.670239","7516.904","1291.389","5819.123","775.883","0","0","131"
"128","13","7","606.727387","101.497161","72.568208","175.157556","175.157556","7887.456","1319.463","6042.936","805.725","0","0","131"
"129","13","8","635.231358","103.656675","74.835964","181.644873","181.644873","8258.008","1347.537","6266.748","835.566","0","0","131"
"130","13","9","663.735329","105.816189","77.103721","188.13219","188.13219","8628.559","1375.61","6490.561","865.408","0","0","131"
"131","14","0","671.879321","125.251815","79.371477","194.619507","194.619507","8734.431","1628.274","6714.373","895.25","33777","4504","141"
"132","14","1","718.910874","128.383111","82.546336","204.350482","204.350482","9345.841","1668.98","7050.092","940.012","0","0","141"
"133","14","2","765.942426","131.514406","85.721196","214.081458","214.081458","9957.252","1709.687","7385.81","984.775","0","0","141"
"134","14","3","812.973979","134.645701","88.896055","223.812433","223.812433","10568.662","1750.394","7721.529","1029.537","0","0","141"
"135","14","4","860.005531","137.776997","92.070914","233.543408","233.543408","11180.072","1791.101","8057.248","1074.3","0","0","141"
"136","14","5","907.037084","140.908292","95.245773","243.274384","243.274384","11791.482","1831.808","8392.966","1119.062","0","0","141"
"137","14","6","954.068636","144.039588","98.420632","253.005359","253.005359","12402.892","1872.515","8728.685","1163.825","0","0","141"
"138","14","7","1001.100189","147.170883","101.595491","262.736334","262.736334","13014.302","1913.221","9064.404","1208.587","0","0","141"
"139","14","8","1048.131741","150.302178","104.77035","272.46731","272.46731","13625.713","1953.928","9400.122","1253.35","0","0","141"
"140","14","9","1095.163294","153.433474","107.945209","282.198285","282.198285","14237.123","1994.635","9735.841","1298.112","0","0","141"
"141","15","0","1108.60088","181.615132","111.120068","291.92926","291.92926","14411.811","2360.997","10071.559","1342.875","54044","7206","151"
"142","15","1","1186.202942","186.155511","115.564871","306.525723","306.525723","15420.638","2420.022","10575.137","1410.018","0","0","151"
"143","15","2","1263.805003","190.695889","120.009674","321.122186","321.122186","16429.465","2479.047","11078.715","1477.162","0","0","151"
"144","15","3","1341.407065","195.236267","124.454476","335.718649","335.718649","17438.292","2538.071","11582.293","1544.306","0","0","151"
"145","15","4","1419.009126","199.776645","128.899279","350.315112","350.315112","18447.119","2597.096","12085.871","1611.45","0","0","151"
"146","15","5","1496.611188","204.317024","133.344082","364.911575","364.911575","19455.945","2656.121","12589.449","1678.593","0","0","151"
"147","15","6","1574.21325","208.857402","137.788885","379.508038","379.508038","20464.772","2715.146","13093.027","1745.737","0","0","151"
"148","15","7","1651.815311","213.39778","142.233687","394.104501","394.104501","21473.599","2774.171","13596.605","1812.881","0","0","151"
"149","15","8","1729.417373","217.938159","146.67849","408.700964","408.700964","22482.426","2833.196","14100.183","1880.024","0","0","151"
"150","15","9","1807.019434","222.478537","151.123293","423.297427","423.297427","23491.253","2892.221","14603.761","1947.168","0","0","151"
"151","16","0","1829.191452","263.341942","155.568096","437.89389","437.89389","23779.489","3423.445","15107.339","2014.312","86470","11530","161"
"152","16","1","1957.234854","269.92549","161.790819","459.788585","459.788585","25444.053","3509.031","15862.706","2115.027","0","0","161"
"153","16","2","2085.278255","276.509039","168.013543","481.683279","481.683279","27108.617","3594.618","16618.073","2215.743","0","0","161"
"154","16","3","2213.321657","283.092587","174.236267","503.577974","503.577974","28773.182","3680.204","17373.44","2316.459","0","0","161"
"155","16","4","2341.365059","289.676136","180.458991","525.472668","525.472668","30437.746","3765.79","18128.807","2417.174","0","0","161"
"156","16","5","2469.40846","296.259684","186.681715","547.367363","547.367363","32102.31","3851.376","18884.174","2517.89","0","0","161"
"157","16","6","2597.451862","302.843233","192.904438","569.262057","569.262057","33766.874","3936.962","19639.541","2618.605","0","0","161"
"158","16","7","2725.495263","309.426782","199.127162","591.156752","591.156752","35431.438","4022.548","20394.908","2719.321","0","0","161"
"159","16","8","2853.538665","316.01033","205.349886","613.051447","613.051447","37096.003","4108.134","21150.275","2820.037","0","0","161"
"160","16","9","2981.582067","322.593879","211.57261","634.946141","634.946141","38760.567","4193.72","21905.642","2920.752","0","0","161"
"161","17","0","3018.165896","381.845816","217.795334","656.840836","656.840836","39236.157","4963.996","22661.009","3021.468","138351","18447","171"
"162","17","1","3229.437508","391.391961","226.507147","689.682877","689.682877","41982.688","5088.095","23794.059","3172.541","0","0","171"
"163","17","2","3440.709121","400.938106","235.21896","722.524919","722.524919","44729.219","5212.195","24927.11","3323.615","0","0","171"
"164","17","3","3651.980734","410.484252","243.930774","755.366961","755.366961","47475.75","5336.295","26060.16","3474.688","0","0","171"
"165","17","4","3863.252347","420.030397","252.642587","788.209003","788.209003","50222.281","5460.395","27193.211","3625.761","0","0","171"
"166","17","5","4074.523959","429.576542","261.354401","821.051044","821.051044","52968.811","5584.495","28326.261","3776.835","0","0","171"
"167","17","6","4285.795572","439.122688","270.066214","853.893086","853.893086","55715.342","5708.595","29459.311","3927.908","0","0","171"
"168","17","7","4497.067185","448.668833","278.778027","886.735128","886.735128","58461.873","5832.695","30592.362","4078.982","0","0","171"
"169","17","8","4708.338797","458.214979","287.489841","919.57717","919.57717","61208.404","5956.795","31725.412","4230.055","0","0","171"
"170","17","9","4919.61041","467.761124","296.201654","952.419212","952.419212","63954.935","6080.895","32858.463","4381.128","0","0","171"
"171","18","0","4979.973728","553.676433","304.913467","985.261253","985.261253","64739.658","7197.794","33991.513","4532.202","221361","29515","181"
"172","18","1","5328.571889","567.518343","317.110006","1034.524316","1034.524316","69271.435","7377.738","35691.089","4758.812","0","0","181"
"173","18","2","5677.17005","581.360254","329.306545","1083.787379","1083.787379","73803.211","7557.683","37390.665","4985.422","0","0","181"
"174","18","3","6025.768211","595.202165","341.503083","1133.050441","1133.050441","78334.987","7737.628","39090.24","5212.032","0","0","181"
"175","18","4","6374.366372","609.044076","353.699622","1182.313504","1182.313504","82866.763","7917.573","40789.816","5438.642","0","0","181"
"176","18","5","6722.964533","622.885987","365.896161","1231.576567","1231.576567","87398.539","8097.518","42489.392","5665.252","0","0","181"
"177","18","6","7071.562694","636.727897","378.092699","1280.839629","1280.839629","91930.315","8277.463","44188.967","5891.862","0","0","181"
"178","18","7","7420.160855","650.569808","390.289238","1330.102692","1330.102692","96462.091","8457.408","45888.543","6118.472","0","0","181"
"179","18","8","7768.759016","664.411719","402.485777","1379.365755","1379.365755","100993.867","8637.352","47588.119","6345.082","0","0","181"
"180","18","9","8117.357177","678.25363","414.682316","1428.628817","1428.628817","105525.643","8817.297","49287.694","6571.693","0","0","181"
"181","19","0","8216.956651","802.830827","426.878854","1477.89188","1477.89188","106820.436","10436.801","50987.27","6798.303","354178","47224","191"
"182","19","1","8792.143617","822.901598","443.954008","1551.786474","1551.786474","114297.867","10697.721","53536.633","7138.218","0","0","191"
"183","19","2","9367.330582","842.972369","461.029163","1625.681068","1625.681068","121775.298","10958.641","56085.997","7478.133","0","0","191"
"184","19","3","9942.517548","863.043139","478.104317","1699.575662","1699.575662","129252.728","11219.561","58635.36","7818.048","0","0","191"
"185","19","4","10517.704514","883.11391","495.179471","1773.470256","1773.470256","136730.159","11480.481","61184.724","8157.963","0","0","191"
"186","19","5","11092.891479","903.184681","512.254625","1847.36485","1847.36485","144207.589","11741.401","63734.087","8497.878","0","0","191"
"187","19","6","11668.078445","923.255451","529.329779","1921.259444","1921.259444","151685.02","12002.321","66283.451","8837.793","0","0","191"
"188","19","7","12243.26541","943.326222","546.404933","1995.154038","1995.154038","159162.45","12263.241","68832.814","9177.709","0","0","191"
"189","19","8","12818.452376","963.396993","563.480088","2069.048632","2069.048632","166639.881","12524.161","71382.178","9517.624","0","0","191"
"190","19","9","13393.639342","983.467763","580.555242","2142.943226","2142.943226","174117.311","12785.081","73931.541","9857.539","0","0","191"
"191","20","0","13557.978475","1164.104699","597.630396","2216.83782","2216.83782","176253.72","15133.361","76480.905","10197.454","566684","75558","201"
"192","20","1","14507.036968","1193.207317","621.535612","2327.679711","2327.679711","188591.481","15511.695","80304.95","10707.327","0","0","201"
"193","20","2","15456.095461","1222.309934","645.440828","2438.521602","2438.521602","200929.241","15890.029","84128.995","11217.199","0","0","201"
"194","20","3","16405.153954","1251.412552","669.346043","2549.363493","2549.363493","213267.001","16268.363","87953.041","11727.072","0","0","201"
"195","20","4","17354.212447","1280.515169","693.251259","2660.205384","2660.205384","225604.762","16646.697","91777.086","12236.945","0","0","201"
"196","20","5","18303.270941","1309.617787","717.156475","2771.047275","2771.047275","237942.522","17025.031","95601.131","12746.817","0","0","201"
"197","20","6","19252.329434","1338.720404","741.061691","2881.889166","2881.889166","250280.283","17403.365","99425.176","13256.69","0","0","201"
"198","20","7","20201.387927","1367.823022","764.966907","2992.731057","2992.731057","262618.043","17781.699","103249.221","13766.563","0","0","201"
"199","20","8","21150.44642","1396.925639","788.872123","3103.572948","3103.572948","274955.803","18160.033","107073.267","14276.436","0","0","201"
"200","20","9","22099.504914","1426.028257","812.777338","3214.414839","3214.414839","287293.564","18538.367","110897.312","14786.308","0","0","201"
"201","21","0","22370.664483","1687.951814","836.682554","3325.25673","3325.25673","290818.638","21943.374","114721.357","15296.181","906695","120893","211"
"202","21","1","23936.610997","1730.15061","870.149856","3491.519567","3491.519567","311175.943","22491.958","120457.425","16060.99","0","0","211"
"203","21","2","25502.557511","1772.349405","903.617159","3657.782403","3657.782403","331533.248","23040.542","126193.493","16825.799","0","0","211"
"204","21","3","27068.504025","1814.5482","937.084461","3824.04524","3824.04524","351890.552","23589.127","131929.561","17590.608","0","0","211"
"205","21","4","28634.450538","1856.746996","970.551763","3990.308076","3990.308076","372247.857","24137.711","137665.629","18355.417","0","0","211"
"206","21","5","30200.397052","1898.945791","1004.019065","4156.570913","4156.570913","392605.162","24686.295","143401.696","19120.226","0","0","211"
"207","21","6","31766.343566","1941.144586","1037.486367","4322.833749","4322.833749","412962.466","25234.88","149137.764","19885.035","0","0","211"
"208","21","7","33332.29008","1983.343382","1070.953669","4489.096586","4489.096586","433319.771","25783.464","154873.832","20649.844","0","0","211"
"209","21","8","34898.236594","2025.542177","1104.420972","4655.359422","4655.359422","453677.076","26332.048","160609.9","21414.653","0","0","211"
"210","21","9","36464.183107","2067.740972","1137.888274","4821.622259","4821.622259","474034.38","26880.633","166345.968","22179.462","0","0","211"
"211","22","0","36911.596397","2447.530131","1171.355576","4987.885095","4987.885095","479850.753","31817.892","172082.036","22944.271","1450711","193429","221"
"212","22","1","39495.408145","2508.718384","1218.209799","5237.27935","5237.27935","513440.306","32613.339","180686.138","24091.485","0","0","221"
"213","22","2","42079.219893","2569.906637","1265.064022","5486.673605","5486.673605","547029.859","33408.786","189290.239","25238.699","0","0","221"
"214","22","3","44663.031641","2631.09489","1311.918245","5736.067859","5736.067859","580619.411","34204.234","197894.341","26385.912","0","0","221"
"215","22","4","47246.843388","2692.283144","1358.772468","5985.462114","5985.462114","614208.964","34999.681","206498.443","27533.126","0","0","221"
"216","22","5","49830.655136","2753.471397","1405.626691","6234.856369","6234.856369","647798.517","35795.128","215102.545","28680.339","0","0","221"
"217","22","6","52414.466884","2814.65965","1452.480914","6484.250624","6484.250624","681388.069","36590.575","223706.647","29827.553","0","0","221"
"218","22","7","54998.278632","2875.847903","1499.335137","6733.644878","6733.644878","714977.622","37386.023","232310.748","30974.766","0","0","221"
"219","22","8","57582.09038","2937.036157","1546.18936","6983.039133","6983.039133","748567.175","38181.47","240914.85","32121.98","0","0","221"
"220","22","9","60165.902127","2998.22441","1593.043583","7232.433388","7232.433388","782156.728","38976.917","249518.952","33269.194","0","0","221"
"221","23","0","60904.134055","3548.918689","1639.897806","7481.827643","7481.827643","791753.743","46135.943","258123.054","34416.407","2321138","309486","231"
"222","23","1","65167.423439","3637.641657","1705.493719","7855.919025","7855.919025","847176.505","47289.342","271029.206","36137.228","0","0","231"
"223","23","2","69430.712823","3726.364624","1771.089631","8230.010407","8230.010407","902599.267","48442.74","283935.359","37858.048","0","0","231"
"224","23","3","73694.002207","3815.087591","1836.685543","8604.101789","8604.101789","958022.029","49596.139","296841.512","39578.868","0","0","231"
"225","23","4","77957.291591","3903.810558","1902.281455","8978.193171","8978.193171","1013444.791","50749.537","309747.664","41299.689","0","0","231"
"226","23","5","82220.580975","3992.533525","1967.877368","9352.284553","9352.284553","1068867.553","51902.936","322653.817","43020.509","0","0","231"
"227","23","6","86483.870358","4081.256493","2033.47328","9726.375935","9726.375935","1124290.315","53056.334","335559.97","44741.329","0","0","231"
"228","23","7","90747.159742","4169.97946","2099.069192","10100.467318","10100.467318","1179713.077","54209.733","348466.122","46462.15","0","0","231"
"229","23","8","95010.449126","4258.702427","2164.665104","10474.5587","10474.5587","1235135.839","55363.132","361372.275","48182.97","0","0","231"
"230","23","9","99273.73851","4347.425394","2230.261017","10848.650082","10848.650082","1290558.601","56516.53","374278.428","49903.79","0","0","231"
"231","24","0","100491.821191","5145.9321","2295.856929","11222.741464","11222.741464","1306393.675","66897.117","387184.581","51624.611","3713821","495177","241"
"232","24","1","107526.248675","5274.580402","2387.691206","11783.878537","11783.878537","1397841.233","68569.545","406543.81","54205.841","0","0","241"
"233","24","2","114560.676158","5403.228704","2479.525483","12345.01561","12345.01561","1489288.79","70241.973","425903.039","56787.072","0","0","241"
"234","24","3","121595.103641","5531.877007","2571.35976","12906.152684","12906.152684","1580736.347","71914.401","445262.268","59368.302","0","0","241"
"235","24","4","128629.531125","5660.525309","2663.194037","13467.289757","13467.289757","1672183.905","73586.829","464621.497","61949.533","0","0","241"
"236","24","5","135663.958608","5789.173612","2755.028315","14028.42683","14028.42683","1763631.462","75259.257","483980.726","64530.763","0","0","241"
"237","24","6","142698.386091","5917.821914","2846.862592","14589.563903","14589.563903","1855079.019","76931.685","503339.955","67111.994","0","0","241"
"238","24","7","149732.813575","6046.470217","2938.696869","15150.700976","15150.700976","1946526.576","78604.113","522699.184","69693.224","0","0","241"
"239","24","8","156767.241058","6175.118519","3030.531146","15711.83805","15711.83805","2037974.134","80276.541","542058.413","72274.455","0","0","241"
"240","24","9","163801.668542","6303.766822","3122.365423","16272.975123","16272.975123","2129421.691","81948.969","561417.642","74855.686","0","0","241"
"241","25","0","165811.504965","7461.601544","3214.1997","16834.112196","16834.112196","2155549.565","97000.82","580776.871","77436.916","5942113","792282","251"
"242","25","1","177418.310313","7648.141583","3342.767688","17675.817806","17675.817806","2306438.034","99425.841","609815.714","81308.762","0","0","251"
"243","25","2","189025.115661","7834.681622","3471.335676","18517.523416","18517.523416","2457326.504","101850.861","638854.558","85180.608","0","0","251"
"244","25","3","200631.921008","8021.22166","3599.903664","19359.229025","19359.229025","2608214.973","104275.882","667893.401","89052.454","0","0","251"
"245","25","4","212238.726356","8207.761699","3728.471652","20200.934635","20200.934635","2759103.443","106700.902","696932.245","92924.299","0","0","251"
"246","25","5","223845.531703","8394.301737","3857.039641","21042.640245","21042.640245","2909991.912","109125.923","725971.088","96796.145","0","0","251"
"247","25","6","235452.337051","8580.841776","3985.607629","21884.345855","21884.345855","3060880.382","111550.943","755009.932","100667.991","0","0","251"
"248","25","7","247059.142398","8767.381815","4114.175617","22726.051465","22726.051465","3211768.851","113975.964","784048.776","104539.837","0","0","251"
"249","25","8","258665.947746","8953.921853","4242.743605","23567.757074","23567.757074","3362657.321","116400.984","813087.619","108411.683","0","0","251"
"250","25","9","270272.753094","9140.461892","4371.311593","24409.462684","24409.462684","3513545.79","118826.005","842126.463","112283.528","0","0","251"
"251","26","0","273588.983193","10819.322239","4499.879581","25251.168294","25251.168294","3556656.782","140651.189","871165.306","116155.374","9507380","1267651","261"
"252","26","1","292740.212016","11089.805295","4679.874764","26513.726709","26513.726709","3805622.756","144167.469","914723.571","121963.143","0","0","261"
"253","26","2","311891.44084","11360.288351","4859.869947","27776.285123","27776.285123","4054588.731","147683.749","958281.837","127770.912","0","0","261"
"254","26","3","331042.669663","11630.771407","5039.86513","29038.843538","29038.843538","4303554.706","151200.028","1001840.102","133578.68","0","0","261"
"255","26","4","350193.898487","11901.254463","5219.860313","30301.401953","30301.401953","4552520.68","154716.308","1045398.367","139386.449","0","0","261"
"256","26","5","369345.12731","12171.737519","5399.855497","31563.960368","31563.960368","4801486.655","158232.588","1088956.633","145194.218","0","0","261"
"257","26","6","388496.356134","12442.220575","5579.85068","32826.518782","32826.518782","5050452.63","161748.867","1132514.898","151001.986","0","0","261"
"258","26","7","407647.584958","12712.703631","5759.845863","34089.077197","34089.077197","5299418.604","165265.147","1176073.163","156809.755","0","0","261"
"259","26","8","426798.813781","12983.186687","5939.841046","35351.635612","35351.635612","5548384.579","168781.427","1219631.429","162617.524","0","0","261"
"260","26","9","445950.042605","13253.669743","6119.83623","36614.194026","36614.194026","5797350.554","172297.707","1263189.694","168425.293","0","0","261"
"261","27","0","451421.822268","15688.017247","6299.831413","37876.752441","37876.752441","5868483.689","203944.224","1306747.959","174233.061","15211808","2028241","271"
"262","27","1","483021.349827","16080.217678","6551.824669","39770.590063","39770.590063","6279277.548","209042.83","1372085.357","182944.714","0","0","271"
"263","27","2","514620.877386","16472.418109","6803.817926","41664.427685","41664.427685","6690071.406","214141.435","1437422.755","191656.367","0","0","271"
"264","27","3","546220.404945","16864.61854","7055.811182","43558.265307","43558.265307","7100865.264","219240.041","1502760.153","200368.02","0","0","271"
"265","27","4","577819.932504","17256.818972","7307.804439","45452.102929","45452.102929","7511659.123","224338.647","1568097.551","209079.673","0","0","271"
"266","27","5","609419.460062","17649.019403","7559.797695","47345.940551","47345.940551","7922452.981","229437.252","1633434.949","217791.327","0","0","271"
"267","27","6","641018.987621","18041.219834","7811.790952","49239.778173","49239.778173","8333246.839","234535.858","1698772.347","226502.98","0","0","271"
"268","27","7","672618.51518","18433.420265","8063.784208","51133.615795","51133.615795","8744040.697","239634.463","1764109.745","235214.633","0","0","271"
"269","27","8","704218.042739","18825.620696","8315.777465","53027.453417","53027.453417","9154834.556","244733.069","1829447.143","243926.286","0","0","271"
"270","27","9","735817.570297","19217.821127","8567.770721","54921.29104","54921.29104","9565628.414","249831.675","1894784.541","252637.939","0","0","271"
"271","28","0","744846.006743","22747.625008","8819.763978","56815.128662","56815.128662","9682998.088","295719.125","1960121.939","261349.592","24338892","3245186","281"
"272","28","1","796985.227215","23316.315633","9172.554537","59655.885095","59655.885095","10360807.954","303112.103","2058128.036","274417.071","0","0","281"
"273","28","2","849124.447687","23885.006258","9525.345096","62496.641528","62496.641528","11038617.82","310505.081","2156134.133","287484.551","0","0","281"
"274","28","3","901263.668159","24453.696884","9878.135655","65337.397961","65337.397961","11716427.686","317898.059","2254140.23","300552.031","0","0","281"
"275","28","4","953402.888631","25022.387509","10230.926214","68178.154394","68178.154394","12394237.552","325291.038","2352146.327","313619.51","0","0","281"
"276","28","5","1005542.109103","25591.078134","10583.716774","71018.910827","71018.910827","13072047.418","332684.016","2450152.424","326686.99","0","0","281"
"277","28","6","1057681.329575","26159.768759","10936.507333","73859.66726","73859.66726","13749857.284","340076.994","2548158.52","339754.469","0","0","281"
"278","28","7","1109820.550047","26728.459384","11289.297892","76700.423693","76700.423693","14427667.151","347469.972","2646164.617","352821.949","0","0","281"
"279","28","8","1161959.770519","27297.15001","11642.088451","79541.180126","79541.180126","15105477.017","354862.95","2744170.714","365889.429","0","0","281"
"280","28","9","1214098.990991","27865.840635","11994.87901","82381.936559","82381.936559","15783286.883","362255.928","2842176.811","378956.908","0","0","281"
"281","29","0","1228995.911126","32984.056262","12347.669569","85222.692992","85222.692992","15976946.845","428792.731","2940182.908","392024.388","38942227","5192297","291"
"282","29","1","1315025.624904","33808.657668","12841.576352","89483.827642","89483.827642","17095333.124","439512.55","3087192.054","411625.607","0","0","291"
"283","29","2","1401055.338683","34633.259075","13335.483135","93744.962292","93744.962292","18213719.403","450232.368","3234201.199","431226.827","0","0","291"
"284","29","3","1487085.052462","35457.860481","13829.389917","98006.096941","98006.096941","19332105.682","460952.186","3381210.344","450828.046","0","0","291"
"285","29","4","1573114.766241","36282.461888","14323.2967","102267.231591","102267.231591","20450491.961","471672.005","3528219.49","470429.265","0","0","291"
"286","29","5","1659144.48002","37107.063294","14817.203483","106528.36624","106528.36624","21568878.24","482391.823","3675228.635","490030.485","0","0","291"
"287","29","6","1745174.193798","37931.664701","15311.110266","110789.50089","110789.50089","22687264.519","493111.641","3822237.781","509631.704","0","0","291"
"288","29","7","1831203.907577","38756.266107","15805.017048","115050.63554","115050.63554","23805650.799","503831.459","3969246.926","529232.923","0","0","291"
"289","29","8","1917233.621356","39580.867514","16298.923831","119311.770189","119311.770189","24924037.078","514551.278","4116256.072","548834.143","0","0","291"
"290","29","9","2003263.335135","40405.46892","16792.830614","123572.904839","123572.904839","26042423.357","525271.096","4263265.217","568435.362","0","0","291"
"291","30","0","2027843.253357","47826.881579","17286.737397","127834.039489","127834.039489","26361962.294","621749.461","4410274.362","588036.582","62307563","8307675","301"
"292","30","1","2169792.281092","49022.553619","17978.206893","134225.741463","134225.741463","28207299.654","637293.197","4630788.08","617438.411","0","0","301"
"293","30","2","2311741.308827","50218.225658","18669.676389","140617.443437","140617.443437","30052637.015","652836.934","4851301.799","646840.24","0","0","301"
"294","30","3","2453690.336562","51413.897698","19361.145884","147009.145412","147009.145412","31897974.375","668380.67","5071815.517","676242.069","0","0","301"
"295","30","4","2595639.364297","52609.569737","20052.61538","153400.847386","153400.847386","33743311.736","683924.407","5292329.235","705643.898","0","0","301"
"296","30","5","2737588.392032","53805.241777","20744.084876","159792.549361","159792.549361","35588649.096","699468.143","5512842.953","735045.727","0","0","301"
"297","30","6","2879537.419767","55000.913816","21435.554372","166184.251335","166184.251335","37433986.457","715011.88","5733356.671","764447.556","0","0","301"
"298","30","7","3021486.447502","56196.585856","22127.023868","172575.95331","172575.95331","39279323.818","730555.616","5953870.389","793849.385","0","0","301"
"299","30","8","3163435.475237","57392.257895","22818.493364","178967.655284","178967.655284","41124661.178","746099.353","6174384.107","823251.214","0","0","301"
"300","30","9","3305384.502973","58587.929935","23509.96286","185359.357258","185359.357258","42969998.539","761643.089","6394897.825","852653.043","0","0","301"
"301","31","0","3345941.36804","69348.97829","24201.432355","191751.059233","191751.059233","43497237.785","901536.718","6615411.544","882054.872","99692100","13292280","311"
"302","31","1","3580157.263802","71082.702747","25169.48965","201338.612195","201338.612195","46542044.429","924075.136","6946182.121","926157.616","0","0","311"
"303","31","2","3814373.159565","72816.427205","26137.546944","210926.165156","210926.165156","49586851.074","946613.554","7276952.698","970260.36","0","0","311"
"304","31","3","4048589.055328","74550.151662","27105.604238","220513.718118","220513.718118","52631657.719","969151.972","7607723.275","1014363.103","0","0","311"
"305","31","4","4282804.951091","76283.876119","28073.661532","230101.271079","230101.271079","55676464.364","991690.39","7938493.852","1058465.847","0","0","311"
"306","31","5","4517020.846854","78017.600576","29041.718827","239688.824041","239688.824041","58721271.009","1014228.807","8269264.429","1102568.591","0","0","311"
"307","31","6","4751236.742616","79751.325034","30009.776121","249276.377003","249276.377003","61766077.654","1036767.225","8600035.007","1146671.334","0","0","311"
"308","31","7","4985452.638379","81485.049491","30977.833415","258863.929964","258863.929964","64810884.299","1059305.643","8930805.584","1190774.078","0","0","311"
"309","31","8","5219668.534142","83218.773948","31945.890709","268451.482926","268451.482926","67855690.944","1081844.061","9261576.161","1234876.821","0","0","311"
"310","31","9","5453884.429905","84952.498405","32913.948003","278039.035888","278039.035888","70900497.589","1104382.479","9592346.738","1278979.565","0","0","311"
"311","32","0","5520803.257265","100556.018521","33882.005298","287626.588849","287626.588849","71770442.344","1307228.241","9923117.315","1323082.309","159507360","21267648","321"
"312","32","1","5907259.485274","103069.918984","35237.28551","302007.918292","302007.918292","76794373.309","1339908.947","10419273.181","1389236.424","0","0","321"
"313","32","2","6293715.713283","105583.819447","36592.565721","316389.247734","316389.247734","81818304.273","1372589.653","10915429.047","1455390.54","0","0","321"
"314","32","3","6680171.941291","108097.71991","37947.845933","330770.577177","330770.577177","86842235.237","1405270.359","11411584.913","1521544.655","0","0","321"
"315","32","4","7066628.1693","110611.620373","39303.126145","345151.906619","345151.906619","91866166.201","1437951.065","11907740.778","1587698.77","0","0","321"
"316","32","5","7453084.397308","113125.520836","40658.406357","359533.236062","359533.236062","96890097.165","1470631.771","12403896.644","1653852.886","0","0","321"
"317","32","6","7839540.625317","115639.421299","42013.686569","373914.565504","373914.565504","101914028.129","1503312.477","12900052.51","1720007.001","0","0","321"
"318","32","7","8225996.853325","118153.321762","43368.966781","388295.894947","388295.894947","106937959.093","1535993.183","13396208.376","1786161.117","0","0","321"
"319","32","8","8612453.081334","120667.222225","44724.246993","402677.224389","402677.224389","111961890.057","1568673.889","13892364.241","1852315.232","0","0","321"
"320","32","9","8998909.309343","123181.122688","46079.527205","417058.553832","417058.553832","116985821.021","1601354.595","14388520.107","1918469.348","0","0","321"
"321","33","0","9109325.374488","145806.226855","47434.807417","431439.883274","431439.883274","118421229.868","1895480.949","14884675.973","1984623.463","255211776","34028237","331"
"322","33","1","9746978.150702","149451.382526","49332.199713","453011.877438","453011.877438","126710715.959","1942867.973","15628909.772","2083854.636","0","0","331"
"323","33","2","10384630.926916","153096.538198","51229.59201","474583.871601","474583.871601","135000202.05","1990254.997","16373143.57","2183085.809","0","0","331"
"324","33","3","11022283.70313","156741.693869","53126.984307","496155.865765","496155.865765","143289688.141","2037642.02","17117377.369","2282316.983","0","0","331"
"325","33","4","11659936.479345","160386.84954","55024.376603","517727.859929","517727.859929","151579174.231","2085029.044","17861611.168","2381548.156","0","0","331"
"326","33","5","12297589.255559","164032.005212","56921.7689","539299.854092","539299.854092","159868660.322","2132416.068","18605844.966","2480779.329","0","0","331"
"327","33","6","12935242.031773","167677.160883","58819.161197","560871.848256","560871.848256","168158146.413","2179803.091","19350078.765","2580010.502","0","0","331"
"328","33","7","13572894.807987","171322.316554","60716.553493","582443.84242","582443.84242","176447632.504","2227190.115","20094312.563","2679241.675","0","0","331"
"329","33","8","14210547.584201","174967.472226","62613.94579","604015.836584","604015.836584","184737118.595","2274577.139","20838546.362","2778472.848","0","0","331"
"330","33","9","14848200.360415","178612.627897","64511.338087","625587.830747","625587.830747","193026604.685","2321964.163","21582780.161","2877704.021","0","0","331"
"331","34","0","15030386.867905","211419.028939","66408.730383","647159.824911","647159.824911","195395029.283","2748447.376","22327013.959","2976935.195","408338841","54445179","341"
"332","34","1","16082513.948658","216704.504663","69065.079599","679517.816157","679517.816157","209072681.333","2817158.561","23443364.657","3125781.954","0","0","341"
"333","34","2","17134641.029412","221989.980386","71721.428814","711875.807402","711875.807402","222750333.382","2885869.745","24559715.355","3274628.714","0","0","341"
"334","34","3","18186768.110165","227275.45611","74377.778029","744233.798648","744233.798648","236427985.432","2954580.929","25676066.053","3423475.474","0","0","341"
"335","34","4","19238895.190919","232560.931833","77034.127245","776591.789893","776591.789893","250105637.482","3023292.114","26792416.751","3572322.234","0","0","341"
"336","34","5","20291022.271672","237846.407557","79690.47646","808949.781139","808949.781139","263783289.532","3092003.298","27908767.449","3721168.993","0","0","341"
"337","34","6","21343149.352425","243131.88328","82346.825675","841307.772384","841307.772384","277460941.582","3160714.483","29025118.147","3870015.753","0","0","341"
"338","34","7","22395276.433179","248417.359004","85003.174891","873665.76363","873665.76363","291138593.631","3229425.667","30141468.845","4018862.513","0","0","341"
"339","34","8","23447403.513932","253702.834727","87659.524106","906023.754875","906023.754875","304816245.681","3298136.851","31257819.543","4167709.272","0","0","341"
"340","34","9","24499530.594685","258988.310451","90315.873321","938381.746121","938381.746121","318493897.731","3366848.036","32374170.241","4316556.032","0","0","341"
"341","35","0","24800138.332043","306557.591962","92972.222537","970739.737366","970739.737366","322401798.317","3985248.696","33490520.939","4465402.792","653342145","87112286","351"
"342","35","1","26536148.015287","314221.531761","96691.111438","1019276.724235","1019276.724235","344969924.199","4084879.913","35165046.986","4688672.931","0","0","351"
"343","35","2","28272157.69853","321885.47156","100410.00034","1067813.711103","1067813.711103","367538050.081","4184511.13","36839573.033","4911943.071","0","0","351"
"344","35","3","30008167.381773","329549.411359","104128.889241","1116350.697971","1116350.697971","390106175.963","4284142.348","38514099.08","5135213.211","0","0","351"
"345","35","4","31744177.065016","337213.351158","107847.778143","1164887.68484","1164887.68484","412674301.845","4383773.565","40188625.127","5358483.35","0","0","351"
"346","35","5","33480186.748259","344877.290957","111566.667044","1213424.671708","1213424.671708","435242427.727","4483404.782","41863151.174","5581753.49","0","0","351"
"347","35","6","35216196.431502","352541.230757","115285.555946","1261961.658576","1261961.658576","457810553.61","4583036","43537677.221","5805023.629","0","0","351"
"348","35","7","36952206.114745","360205.170556","119004.444847","1310498.645445","1310498.645445","480378679.492","4682667.217","45212203.268","6028293.769","0","0","351"
"349","35","8","38688215.797988","367869.110355","122723.333749","1359035.632313","1359035.632313","502946805.374","4782298.435","46886729.315","6251563.909","0","0","351"
"350","35","9","40424225.481231","375533.050154","126442.22265","1407572.619181","1407572.619181","525514931.256","4881929.652","48561255.362","6474834.048","0","0","351"
"351","36","0","40920228.247872","444508.508345","130161.111552","1456109.60605","1456109.60605","531962967.222","5778610.608","50235781.409","6698104.188","1045347432","139379658","361"
"352","36","1","43784644.225223","455621.221054","135367.556014","1528915.086352","1528915.086352","569200374.928","5923075.874","52747570.479","7033009.397","0","0","361"
"353","36","2","46649060.202574","466733.933762","140574.000476","1601720.566655","1601720.566655","606437782.633","6067541.139","55259359.55","7367914.607","0","0","361"
"354","36","3","49513476.179925","477846.646471","145780.444938","1674526.046957","1674526.046957","643675190.339","6212006.404","57771148.62","7702819.816","0","0","361"
"355","36","4","52377892.157276","488959.35918","150986.8894","1747331.52726","1747331.52726","680912598.045","6356471.669","60282937.69","8037725.025","0","0","361"
"356","36","5","55242308.134627","500072.071888","156193.333862","1820137.007562","1820137.007562","718150005.75","6500936.935","62794726.761","8372630.235","0","0","361"
"357","36","6","58106724.111978","511184.784597","161399.778324","1892942.487865","1892942.487865","755387413.456","6645402.2","65306515.831","8707535.444","0","0","361"
"358","36","7","60971140.089329","522297.497306","166606.222786","1965747.968167","1965747.968167","792624821.161","6789867.465","67818304.902","9042440.654","0","0","361"
"359","36","8","63835556.06668","533410.210014","171812.667248","2038553.44847","2038553.44847","829862228.867","6934332.73","70330093.972","9377345.863","0","0","361"
"360","36","9","66699972.044031","544522.922723","177019.11171","2111358.928772","2111358.928772","867099636.572","7078797.995","72841883.043","9712251.072","0","0","361"
"361","37","0","67518376.608988","644537.337101","182225.556172","2184164.409075","2184164.409075","877738895.917","8378985.382","75353672.113","10047156.282","1672555890","223007452","371"
"362","37","1","72244662.971618","660650.770528","189514.578419","2293372.629528","2293372.629528","939180618.631","8588460.017","79121355.719","10549514.096","0","0","371"
"363","37","2","76970949.334247","676764.203956","196803.600666","2402580.849982","2402580.849982","1000622341.345","8797934.651","82889039.324","11051871.91","0","0","371"
"364","37","3","81697235.696876","692877.637383","204092.622913","2511789.070436","2511789.070436","1062064064.059","9007409.286","86656722.93","11554229.724","0","0","371"
"365","37","4","86423522.059505","708991.070811","211381.64516","2620997.290889","2620997.290889","1123505786.774","9216883.921","90424406.536","12056587.538","0","0","371"
"366","37","5","91149808.422134","725104.504238","218670.667407","2730205.511343","2730205.511343","1184947509.488","9426358.555","94192090.141","12558945.352","0","0","371"
"367","37","6","95876094.784763","741217.937666","225959.689654","2839413.731797","2839413.731797","1246389232.202","9635833.19","97959773.747","13061303.166","0","0","371"
"368","37","7","100602381.147393","757331.371093","233248.7119","2948621.952251","2948621.952251","1307830954.916","9845307.824","101727457.353","13563660.98","0","0","371"
"369","37","8","105328667.510022","773444.804521","240537.734147","3057830.172704","3057830.172704","1369272677.63","10054782.459","105495140.958","14066018.794","0","0","371"
"370","37","9","110054953.872651","789558.237948","247826.756394","3167038.393158","3167038.393158","1430714400.344","10264257.093","109262824.564","14568376.609","0","0","371"
"371","38","0","111405321.404831","934579.138796","255115.778641","3276246.613612","3276246.613612","1448269178.263","12149528.804","113030508.17","15070734.423","2147483647","356811924","381"
"372","38","1","119203693.903169","957943.617266","265320.409787","3440058.944292","3440058.944292","1549648020.741","12453267.024","118682033.578","15824271.144","0","0","381"
"373","38","2","127002066.401507","981308.095736","275525.040932","3603871.274973","3603871.274973","1651026863.22","12757005.245","124333558.987","16577807.865","0","0","381"
"374","38","3","134800438.899845","1004672.574205","285729.672078","3767683.605654","3767683.605654","1752405705.698","13060743.465","129985084.395","17331344.586","0","0","381"
"375","38","4","142598811.398183","1028037.052675","295934.303224","3931495.936334","3931495.936334","1853784548.176","13364481.685","135636609.804","18084881.307","0","0","381"
"376","38","5","150397183.896521","1051401.531145","306138.934369","4095308.267015","4095308.267015","1955163390.655","13668219.905","141288135.212","18838418.028","0","0","381"
"377","38","6","158195556.39486","1074766.009615","316343.565515","4259120.597695","4259120.597695","2056542233.133","13971958.125","146939660.62","19591954.749","0","0","381"
"378","38","7","165993928.893198","1098130.488085","326548.196661","4422932.928376","4422932.928376","2157921075.612","14275696.345","152591186.029","20345491.471","0","0","381"
"379","38","8","173792301.391536","1121494.966555","336752.827806","4586745.259057","4586745.259057","2259299918.09","14579434.565","158242711.437","21099028.192","0","0","381"
"380","38","9","181590673.889874","1144859.445025","346957.458952","4750557.589737","4750557.589737","2360678760.568","14883172.785","163894236.846","21852564.913","0","0","381"
"381","39","0","183818780.317971","1355139.751254","357162.090097","4914369.920418","4914369.920418","2389644144.134","17616816.766","169545762.254","22606101.634","2147483647","570899078","391"
"382","39","1","196686094.940229","1389018.245035","371448.573701","5160088.416439","5160088.416439","2556919234.223","18057237.185","178023050.367","23736406.716","0","0","391"
"383","39","2","209553409.562487","1422896.738817","385735.057305","5405806.91246","5405806.91246","2724194324.312","18497657.605","186500338.48","24866711.797","0","0","391"
"384","39","3","222420724.184744","1456775.232598","400021.540909","5651525.40848","5651525.40848","2891469414.402","18938078.024","194977626.593","25997016.879","0","0","391"
"385","39","4","235288038.807002","1490653.726379","414308.024513","5897243.904501","5897243.904501","3058744504.491","19378498.443","203454914.705","27127321.961","0","0","391"
"386","39","5","248155353.42926","1524532.220161","428594.508117","6142962.400522","6142962.400522","3226019594.58","19818918.862","211932202.818","28257627.042","0","0","391"
"387","39","6","261022668.051518","1558410.713942","442880.991721","6388680.896543","6388680.896543","3393294684.67","20259339.281","220409490.931","29387932.124","0","0","391"
"388","39","7","273889982.673776","1592289.207723","457167.475325","6634399.392564","6634399.392564","3560569774.759","20699759.7","228886779.043","30518237.206","0","0","391"
"389","39","8","286757297.296034","1626167.701505","471453.958929","6880117.888585","6880117.888585","3727844864.848","21140180.12","237364067.156","31648542.287","0","0","391"
"390","39","9","299624611.918292","1660046.195286","485740.442533","7125836.384606","7125836.384606","3895119954.938","21580600.539","245841355.269","32778847.369","0","0","391"
"391","40","0","303300987.524652","1964952.639318","500026.926136","7371554.880627","7371554.880627","3942912837.82","25544384.311","254318643.382","33909152.451","2147483647","913438524","401"
"392","40","1","324532056.651377","2014076.455301","520028.003182","7740132.624658","7740132.624658","4218916736.468","26182993.919","267034575.551","35604610.073","0","0","401"
"393","40","2","345763125.778103","2063200.271284","540029.080227","8108710.368689","8108710.368689","4494920635.115","26821603.527","279750507.72","37300067.696","0","0","401"
"394","40","3","366994194.904828","2112324.087267","560030.157273","8477288.112721","8477288.112721","4770924533.763","27460213.134","292466439.889","38995525.319","0","0","401"
"395","40","4","388225264.031554","2161447.90325","580031.234318","8845865.856752","8845865.856752","5046928432.41","28098822.742","305182372.058","40690982.941","0","0","401"
"396","40","5","409456333.15828","2210571.719233","600032.311364","9214443.600783","9214443.600783","5322932331.058","28737432.35","317898304.227","42386440.564","0","0","401"
"397","40","6","430687402.285005","2259695.535216","620033.388409","9583021.344815","9583021.344815","5598936229.705","29376041.958","330614236.396","44081898.186","0","0","401"
"398","40","7","451918471.411731","2308819.351199","640034.465455","9951599.088846","9951599.088846","5874940128.353","30014651.566","343330168.565","45777355.809","0","0","401"
"399","40","8","473149540.538456","2357943.167182","660035.5425","10320176.832877","10320176.832877","6150944027","30653261.173","356046100.734","47472813.431","0","0","401"
"400","40","9","494380609.665182","2407066.983165","680036.619546","10688754.576909","10688754.576909","6426947925.647","31291870.781","368762032.903","49168271.054","0","0","401"
"401","41","0","500446629.415675","2849181.327011","700037.696591","11057332.32094","11057332.32094","6505806182.404","37039357.251","381477965.072","50863728.676","2147483647","1461501638","411"
"402","41","1","535477893.474772","2920410.860187","728039.204455","11610198.936987","11610198.936987","6961212615.172","37965341.182","400551863.326","53406915.11","0","0","411"
"403","41","2","570509157.53387","2991640.393362","756040.712318","12163065.553034","12163065.553034","7416619047.94","38891325.114","419625761.58","55950101.544","0","0","411"
"404","41","3","605540421.592967","3062869.926537","784042.220182","12715932.169081","12715932.169081","7872025480.709","39817309.045","438699659.833","58493287.978","0","0","411"
"405","41","4","640571685.652064","3134099.459712","812043.728046","13268798.785128","13268798.785128","8327431913.477","40743292.976","457773558.087","61036474.412","0","0","411"
"406","41","5","675602949.711161","3205328.992888","840045.235909","13821665.401175","13821665.401175","8782838346.245","41669276.908","476847456.341","63579660.845","0","0","411"
"407","41","6","710634213.770259","3276558.526063","868046.743773","14374532.017222","14374532.017222","9238244779.013","42595260.839","495921354.594","66122847.279","0","0","411"
"408","41","7","745665477.829356","3347788.059238","896048.251637","14927398.633269","14927398.633269","9693651211.782","43521244.77","514995252.848","68666033.713","0","0","411"
"409","41","8","780696741.888453","3419017.592413","924049.7595","15480265.249316","15480265.249316","10149057644.55","44447228.701","534069151.101","71209220.147","0","0","411"
"410","41","9","815728005.94755","3490247.125589","952051.267364","16033131.865363","16033131.865363","10604464077.318","45373212.633","553143049.355","73752406.581","0","0","411"
"411","42","0","825736938.535864","4131312.924166","980052.775227","16585998.48141","16585998.48141","10734580200.966","53707068.014","572216947.609","76295593.014","2147483647","2147483647","421"
"412","42","1","883538524.233374","4234595.74727","1019254.886237","17415298.405481","17415298.405481","11486000815.034","55049744.715","600827794.989","80110372.665","0","0","421"
"413","42","2","941340109.930885","4337878.570375","1058456.997246","18244598.329551","18244598.329551","12237421429.102","56392421.415","629438642.37","83925152.316","0","0","421"
"414","42","3","999141695.628395","4441161.393479","1097659.108255","19073898.253622","19073898.253622","12988842043.169","57735098.115","658049489.75","87739931.967","0","0","421"
"415","42","4","1000000000","4544444.216583","1136861.219264","19903198.177692","19903198.177692","13000000000","59077774.816","686660337.13","91554711.617","0","0","421"
"416","42","5","1000000000","4647727.039687","1176063.330273","20732498.101763","20732498.101763","13000000000","60420451.516","715271184.511","95369491.268","0","0","421"
"417","42","6","1000000000","4751009.862791","1215265.441282","21561798.025833","21561798.025833","13000000000","61763128.216","743882031.891","99184270.919","0","0","421"
"418","42","7","1000000000","4854292.685895","1254467.552291","22391097.949904","22391097.949904","13000000000","63105804.917","772492879.272","102999050.57","0","0","421"
"419","42","8","1000000000","4957575.509","1293669.6633","23220397.873974","23220397.873974","13000000000","64448481.617","801103726.652","106813830.22","0","0","421"
"420","42","9","1000000000","5060858.332104","1332871.774309","24049697.798045","24049697.798045","13000000000","65791158.317","829714574.033","110628609.871","0","0","421"
"421","43","0","1000000000","5990403.740041","1372073.885318","24878997.722115","24878997.722115","13000000000","77875248.621","858325421.413","114443389.522","2147483647","2147483647","431"
"422","43","1","1000000000","6140163.833542","1426956.840731","26122947.608221","26122947.608221","13000000000","79822129.836","901241692.484","120165558.998","0","0","431"
"423","43","2","1000000000","6289923.927043","1481839.796144","27366897.494327","27366897.494327","13000000000","81769011.052","944157963.554","125887728.474","0","0","431"
"424","43","3","1000000000","6439684.020544","1536722.751557","28610847.380432","28610847.380432","13000000000","83715892.267","987074234.625","131609897.95","0","0","431"
"425","43","4","1000000000","6589444.114045","1591605.706969","29854797.266538","29854797.266538","13000000000","85662773.483","1029990505.696","137332067.426","0","0","431"
"426","43","5","1000000000","6739204.207546","1646488.662382","31098747.152644","31098747.152644","13000000000","87609654.698","1072906776.766","143054236.902","0","0","431"
"427","43","6","1000000000","6888964.301047","1701371.617795","32342697.03875","32342697.03875","13000000000","89556535.914","1115823047.837","148776406.378","0","0","431"
"428","43","7","1000000000","7038724.394548","1756254.573208","33586646.924855","33586646.924855","13000000000","91503417.129","1158739318.908","154498575.854","0","0","431"
"429","43","8","1000000000","7188484.488049","1811137.52862","34830596.810961","34830596.810961","13000000000","93450298.345","1201655589.978","160220745.33","0","0","431"
"430","43","9","1000000000","7338244.58155","1866020.484033","36074546.697067","36074546.697067","13000000000","95397179.56","1244571861.049","165942914.807","0","0","431"
"431","44","0","1000000000","8686085.42306","1920903.439446","37318496.583173","37318496.583173","13000000000","112919110.5","1287488132.119","171665084.283","2147483647","2147483647","441"
"432","44","1","1000000000","8903237.558636","1997739.577024","39184421.412331","39184421.412331","13000000000","115742088.262","1351862538.725","180248338.497","0","0","441"
"433","44","2","1000000000","9120389.694213","2074575.714602","41050346.24149","41050346.24149","13000000000","118565066.025","1416236945.331","188831592.711","0","0","441"
"434","44","3","1000000000","9337541.829789","2151411.852179","42916271.070648","42916271.070648","13000000000","121388043.787","1480611351.937","197414846.925","0","0","441"
"435","44","4","1000000000","9554693.965366","2228247.989757","44782195.899807","44782195.899807","13000000000","124211021.55","1544985758.543","205998101.139","0","0","441"
"436","44","5","1000000000","9771846.100942","2305084.127335","46648120.728966","46648120.728966","13000000000","127033999.312","1609360165.149","214581355.353","0","0","441"
"437","44","6","1000000000","9988998.236519","2381920.264913","48514045.558124","48514045.558124","13000000000","129856977.075","1673734571.755","223164609.567","0","0","441"
"438","44","7","1000000000","10206150.372095","2458756.402491","50379970.387283","50379970.387283","13000000000","132679954.837","1738108978.361","231747863.782","0","0","441"
"439","44","8","1000000000","10423302.507672","2535592.540069","52245895.216442","52245895.216442","13000000000","135502932.6","1802483384.967","240331117.996","0","0","441"
"440","44","9","1000000000","10640454.643248","2612428.677646","54111820.0456","54111820.0456","13000000000","138325910.362","1866857791.573","248914372.21","0","0","441"
"441","45","0","1000000000","12594823.863436","2689264.815224","55977744.874759","55977744.874759","13000000000","163732710.225","1931232198.179","257497626.424","2147483647","2147483647","451"
"442","45","1","1000000000","12909694.460022","2796835.407833","58776632.118497","58776632.118497","13000000000","167826027.98","2027793808.088","270372507.745","0","0","451"
"443","45","2","1000000000","13224565.056608","2904406.000442","61575519.362235","61575519.362235","13000000000","171919345.736","2124355417.997","283247389.066","0","0","451"
"444","45","3","1000000000","13539435.653194","3011976.593051","64374406.605973","64374406.605973","13000000000","176012663.492","2220917027.906","296122270.387","0","0","451"
"445","45","4","1000000000","13854306.24978","3119547.18566","67173293.849711","67173293.849711","13000000000","180105981.247","2317478637.815","308997151.709","0","0","451"
"446","45","5","1000000000","14169176.846366","3227117.778269","69972181.093449","69972181.093449","13000000000","184199299.003","2414040247.724","321872033.03","0","0","451"
"447","45","6","1000000000","14484047.442952","3334688.370878","72771068.337186","72771068.337186","13000000000","188292616.758","2510601857.633","334746914.351","0","0","451"
"448","45","7","1000000000","14798918.039538","3442258.963487","75569955.580924","75569955.580924","13000000000","192385934.514","2607163467.542","347621795.672","0","0","451"
"449","45","8","1000000000","15113788.636124","3549829.556096","78368842.824662","78368842.824662","13000000000","196479252.27","2703725077.451","360496676.993","0","0","451"
"450","45","9","1000000000","15428659.23271","3657400.148705","81167730.0684","81167730.0684","13000000000","200572570.025","2800286687.36","373371558.315","0","0","451"
"451","46","0","1000000000","18262494.601983","3764970.741314","83966617.312138","83966617.312138","13000000000","237412429.826","2896848297.269","386246439.636","2147483647","2147483647","461"
"452","46","1","1000000000","18719056.967032","3915569.570967","88164948.177745","88164948.177745","13000000000","243347740.571","3041690712.132","405558761.618","0","0","461"
"453","46","2","1000000000","19175619.332082","4066168.400619","92363279.043352","92363279.043352","13000000000","249283051.317","3186533126.996","424871083.599","0","0","461"
"454","46","3","1000000000","19632181.697132","4216767.230272","96561609.908959","96561609.908959","13000000000","255218362.063","3331375541.859","444183405.581","0","0","461"
"455","46","4","1000000000","20088744.062181","4367366.059924","100759940.774566","100759940.774566","13000000000","261153672.808","3476217956.723","463495727.563","0","0","461"
"456","46","5","1000000000","20545306.427231","4517964.889577","104958271.640173","104958271.640173","13000000000","267088983.554","3621060371.586","482808049.545","0","0","461"
"457","46","6","1000000000","21001868.79228","4668563.719229","109156602.50578","109156602.50578","13000000000","273024294.3","3765902786.449","502120371.527","0","0","461"
"458","46","7","1000000000","21458431.15733","4819162.548882","113354933.371387","113354933.371387","13000000000","278959605.045","3910745201.313","521432693.508","0","0","461"
"459","46","8","1000000000","21914993.522379","4969761.378534","117553264.236993","117553264.236993","13000000000","284894915.791","4055587616.176","540745015.49","0","0","461"
"460","46","9","1000000000","22371555.887429","5120360.208187","121751595.1026","121751595.1026","13000000000","290830226.537","4200430031.04","560057337.472","0","0","461"
"461","47","0","1000000000","26480617.172875","5270959.03784","125949925.968207","125949925.968207","13000000000","344248023.247","4345272445.903","579369659.454","2147483647","2147483647","471"
"462","47","1","1000000000","27142632.602197","5481797.399353","132247422.266618","132247422.266618","13000000000","352854223.829","4562536068.198","608338142.426","0","0","471"
"463","47","2","1000000000","27804648.031519","5692635.760867","138544918.565028","138544918.565028","13000000000","361460424.41","4779799690.493","637306625.399","0","0","471"
"464","47","3","1000000000","28466663.460841","5903474.12238","144842414.863438","144842414.863438","13000000000","370066624.991","4997063312.789","666275108.372","0","0","471"
"465","47","4","1000000000","29128678.890163","6114312.483894","151139911.161849","151139911.161849","13000000000","378672825.572","5214326935.084","695243591.345","0","0","471"
"466","47","5","1000000000","29790694.319484","6325150.845407","157437407.460259","157437407.460259","13000000000","387279026.153","5431590557.379","724212074.317","0","0","471"
"467","47","6","1000000000","30452709.748806","6535989.206921","163734903.75867","163734903.75867","13000000000","395885226.734","5648854179.674","753180557.29","0","0","471"
"468","47","7","1000000000","31114725.178128","6746827.568435","170032400.05708","170032400.05708","13000000000","404491427.316","5866117801.969","782149040.263","0","0","471"
"469","47","8","1000000000","31776740.60745","6957665.929948","176329896.35549","176329896.35549","13000000000","413097627.897","6083381424.264","811117523.235","0","0","471"
"470","47","9","1000000000","32438756.036772","7168504.291462","182627392.653901","182627392.653901","13000000000","421703828.478","6300645046.56","840086006.208","0","0","471"
"471","48","0","1000000000","38396894.900669","7379342.652975","188924888.952311","188924888.952311","13000000000","499159633.709","6517908668.855","869054489.181","2147483647","2147483647","481"
"472","48","1","1000000000","39356817.273186","7674516.359094","198371133.399927","198371133.399927","13000000000","511638624.551","6843804102.297","912507213.64","0","0","481"
"473","48","2","1000000000","40316739.645702","7969690.065213","207817377.847542","207817377.847542","13000000000","524117615.394","7169699535.74","955959938.099","0","0","481"
"474","48","3","1000000000","41276662.018219","8264863.771332","217263622.295158","217263622.295158","13000000000","536596606.237","7495594969.183","999412662.558","0","0","481"
"475","48","4","1000000000","42236584.390736","8560037.477451","226709866.742773","226709866.742773","13000000000","549075597.08","7821490402.626","1042865387.017","0","0","481"
"476","48","5","1000000000","43196506.763252","8855211.18357","236156111.190389","236156111.190389","13000000000","561554587.922","8147385836.068","1086318111.476","0","0","481"
"477","48","6","1000000000","44156429.135769","9150384.889689","245602355.638004","245602355.638004","13000000000","574033578.765","8473281269.511","1129770835.935","0","0","481"
"478","48","7","1000000000","45116351.508286","9445558.595808","255048600.08562","255048600.08562","13000000000","586512569.608","8799176702.954","1173223560.394","0","0","481"
"479","48","8","1000000000","46076273.880803","9740732.301927","264494844.533235","264494844.533235","13000000000","598991560.45","9125072136.397","1216676284.853","0","0","481"
"480","48","9","1000000000","47036196.253319","10035906.008046","273941088.980851","273941088.980851","13000000000","611470551.293","9450967569.839","1260129009.312","0","0","481"
"481","49","0","1000000000","55675497.60597","10331079.714165","283387333.428466","283387333.428466","13000000000","723781468.878","9776863003.282","1303581733.771","2147483647","2147483647","491"
"482","49","1","1000000000","57067385.046119","10744322.902732","297556700.09989","297556700.09989","13000000000","741876005.6","10265706153.446","1368760820.459","0","0","491"
"483","49","2","1000000000","58459272.486268","11157566.091299","311726066.771313","311726066.771313","13000000000","759970542.321","10754549303.61","1433939907.148","0","0","491"
"484","49","3","1000000000","59851159.926418","11570809.279865","325895433.442736","325895433.442736","13000000000","778065079.043","11243392453.774","1499118993.837","0","0","491"
"485","49","4","1000000000","61243047.366567","11984052.468432","340064800.11416","340064800.11416","13000000000","796159615.765","11732235603.939","1564298080.525","0","0","491"
"486","49","5","1000000000","62634934.806716","12397295.656999","354234166.785583","354234166.785583","13000000000","814254152.487","12221078754.103","1629477167.214","0","0","491"
"487","49","6","1000000000","64026822.246865","12810538.845565","368403533.457006","368403533.457006","13000000000","832348689.209","12709921904.267","1694656253.902","0","0","491"
"488","49","7","1000000000","65418709.687015","13223782.034132","382572900.12843","382572900.12843","13000000000","850443225.931","13198765054.431","1759835340.591","0","0","491"
"489","49","8","1000000000","66810597.127164","13637025.222698","396742266.799853","396742266.799853","13000000000","868537762.653","13687608204.595","1825014427.279","0","0","491"
"490","49","9","1000000000","68202484.567313","14050268.411265","410911633.471276","410911633.471276","13000000000","886632299.375","14176451354.759","1890193513.968","0","0","491"
"491","50","0","1000000000","80729471.528656","14463511.599832","425081000.1427","425081000.1427","13000000000","1049483129.873","14665294504.923","1955372600.656","2147483647","2147483647","501"
"492","50","1","1000000000","82747708.316873","15042052.063825","446335050.149835","446335050.149835","13000000000","1075720208.119","15398559230.169","2053141230.689","0","0","501"
"493","50","2","1000000000","84765945.105089","15620592.527818","467589100.15697","467589100.15697","13000000000","1101957286.366","16131823955.415","2150909860.722","0","0","501"
"494","50","3","1000000000","86784181.893305","16199132.991811","488843150.164105","488843150.164105","13000000000","1128194364.613","16865088680.662","2248678490.755","0","0","501"
"495","50","4","1000000000","88802418.681522","16777673.455805","510097200.17124","510097200.17124","13000000000","1154431442.86","17598353405.908","2346447120.788","0","0","501"
"496","50","5","1000000000","90820655.469738","17356213.919798","531351250.178375","531351250.178375","13000000000","1180668521.107","18331618131.154","2444215750.821","0","0","501"
"497","50","6","1000000000","92838892.257955","17934754.383791","552605300.18551","552605300.18551","13000000000","1206905599.353","19064882856.4","2541984380.853","0","0","501"
"498","50","7","1000000000","94857129.046171","18513294.847785","573859350.192645","573859350.192645","13000000000","1233142677.6","19798147581.646","2639753010.886","0","0","501"
"499","50","8","1000000000","96875365.834387","19091835.311778","595113400.19978","595113400.19978","13000000000","1259379755.847","20531412306.892","2737521640.919","0","0","501"
"500","50","9","1000000000","98893602.622604","19670375.775771","616367450.206914","616367450.206914","13000000000","1285616834.094","21264677032.139","2835290270.952","0","0","501"
"501","51","0","1000000000","117057733.716551","20248916.239764","637621500.21405","637621500.21405","13000000000","1521750538.315","21997941757.385","2933058900.985","2147483647","2147483647","511"
"502","51","1","1000000000","119984177.059465","21058872.889355","669502575.224752","669502575.224752","13000000000","1559794301.773","23097838845.254","3079711846.034","0","0","511"
"503","51","2","1000000000","122910620.402379","21868829.538945","701383650.235454","701383650.235454","13000000000","1597838065.231","24197735933.123","3226364791.083","0","0","511"
"504","51","3","1000000000","125837063.745293","22678786.188536","733264725.246157","733264725.246157","13000000000","1635881828.689","25297633020.992","3373017736.132","0","0","511"
"505","51","4","1000000000","128763507.088207","23488742.838127","765145800.256859","765145800.256859","13000000000","1673925592.147","26397530108.862","3519670681.182","0","0","511"
"506","51","5","1000000000","131689950.43112","24298699.487717","797026875.267562","797026875.267562","13000000000","1711969355.605","27497427196.731","3666323626.231","0","0","511"
"507","51","6","1000000000","134616393.774034","25108656.137308","828907950.278264","828907950.278264","13000000000","1750013119.062","28597324284.6","3812976571.28","0","0","511"
"508","51","7","1000000000","137542837.116948","25918612.786898","860789025.288967","860789025.288967","13000000000","1788056882.52","29697221372.469","3959629516.329","0","0","511"
"509","51","8","1000000000","140469280.459862","26728569.436489","892670100.299669","892670100.299669","13000000000","1826100645.978","30797118460.339","4106282461.378","0","0","511"
"510","51","9","1000000000","143395723.802776","27538526.086079","924551175.310372","924551175.310372","13000000000","1864144409.436","31897015548.208","4252935406.428","0","0","511"
"511","52","0","1000000000","169733713.889","28348482.73567","956432250.321074","956432250.321074","13000000000","2206538280.557","32996912636.077","4399588351.477","2147483647","2147483647","521"
"512","52","1","1000000000","173977056.736225","29482422.045097","1000000000","1000000000","13000000000","2261701737.571","34500000000","4600000000","0","0","521"
"513","52","2","1000000000","178220399.58345","30616361.354524","1000000000","1000000000","13000000000","2316865194.585","34500000000","4600000000","0","0","521"
"514","52","3","1000000000","182463742.430675","31750300.66395","1000000000","1000000000","13000000000","2372028651.599","34500000000","4600000000","0","0","521"
"515","52","4","1000000000","186707085.2779","32884239.973377","1000000000","1000000000","13000000000","2427192108.613","34500000000","4600000000","0","0","521"
"516","52","5","1000000000","190950428.125125","34018179.282804","1000000000","1000000000","13000000000","2482355565.627","34500000000","4600000000","0","0","521"
"517","52","6","1000000000","195193770.97235","35152118.592231","1000000000","1000000000","13000000000","2537519022.641","34500000000","4600000000","0","0","521"
"518","52","7","1000000000","199437113.819575","36286057.901658","1000000000","1000000000","13000000000","2592682479.654","34500000000","4600000000","0","0","521"
"519","52","8","1000000000","203680456.6668","37419997.211084","1000000000","1000000000","13000000000","2647845936.668","34500000000","4600000000","0","0","521"
"520","52","9","1000000000","207923799.514025","38553936.520511","1000000000","1000000000","13000000000","2703009393.682","34500000000","4600000000","0","0","521"
"521","53","0","1000000000","246113885.139049","39687875.829938","1000000000","1000000000","13000000000","3199480506.808","34500000000","4600000000","2147483647","2147483647","531"
"522","53","1","1000000000","252266732.267526","41275390.863136","1000000000","1000000000","13000000000","3279467519.478","34500000000","4600000000","0","0","531"
"523","53","2","1000000000","258419579.396002","42862905.896333","1000000000","1000000000","13000000000","3359454532.148","34500000000","4600000000","0","0","531"
"524","53","3","1000000000","264572426.524478","44450420.929531","1000000000","1000000000","13000000000","3439441544.818","34500000000","4600000000","0","0","531"
"525","53","4","1000000000","270725273.652954","46037935.962728","1000000000","1000000000","13000000000","3519428557.488","34500000000","4600000000","0","0","531"
"526","53","5","1000000000","276878120.781431","47625450.995926","1000000000","1000000000","13000000000","3599415570.159","34500000000","4600000000","0","0","531"
"527","53","6","1000000000","283030967.909907","49212966.029123","1000000000","1000000000","13000000000","3679402582.829","34500000000","4600000000","0","0","531"
"528","53","7","1000000000","289183815.038383","50800481.062321","1000000000","1000000000","13000000000","3759389595.499","34500000000","4600000000","0","0","531"
"529","53","8","1000000000","295336662.166859","52387996.095518","1000000000","1000000000","13000000000","3839376608.169","34500000000","4600000000","0","0","531"
"530","53","9","1000000000","301489509.295336","53975511.128716","1000000000","1000000000","13000000000","3919363620.839","34500000000","4600000000","0","0","531"
"531","54","0","1000000000","356865133.451622","55563026.161913","1000000000","1000000000","13000000000","4639246734.871","34500000000","4600000000","2147483647","2147483647","541"
"532","54","1","1000000000","365786761.787912","57785547.20839","1000000000","1000000000","13000000000","4755227903.243","34500000000","4600000000","0","0","541"
"533","54","2","1000000000","374708390.124203","60008068.254866","1000000000","1000000000","13000000000","4871209071.615","34500000000","4600000000","0","0","541"
"534","54","3","1000000000","383630018.460493","62230589.301343","1000000000","1000000000","13000000000","4987190239.986","34500000000","4600000000","0","0","541"
"535","54","4","1000000000","392551646.796784","64453110.347819","1000000000","1000000000","13000000000","5103171408.358","34500000000","4600000000","0","0","541"
"536","54","5","1000000000","401473275.133074","66675631.394296","1000000000","1000000000","13000000000","5219152576.73","34500000000","4600000000","0","0","541"
"537","54","6","1000000000","410394903.469365","68898152.440772","1000000000","1000000000","13000000000","5335133745.102","34500000000","4600000000","0","0","541"
"538","54","7","1000000000","419316531.805656","71120673.487249","1000000000","1000000000","13000000000","5451114913.474","34500000000","4600000000","0","0","541"
"539","54","8","1000000000","428238160.141946","73343194.533725","1000000000","1000000000","13000000000","5567096081.845","34500000000","4600000000","0","0","541"
"540","54","9","1000000000","437159788.478237","75565715.580202","1000000000","1000000000","13000000000","5683077250.217","34500000000","4600000000","0","0","541"
"541","55","0","1000000000","517454443.504851","77788236.626679","1000000000","1000000000","13000000000","6726907765.563","34500000000","4600000000","2147483647","2147483647","551"
"542","55","1","1000000000","530390804.592473","80899766.091746","1000000000","1000000000","13000000000","6895080459.702","34500000000","4600000000","0","0","551"
"543","55","2","1000000000","543327165.680094","84011295.556813","1000000000","1000000000","13000000000","7063253153.841","34500000000","4600000000","0","0","551"
"544","55","3","1000000000","556263526.767715","87122825.02188","1000000000","1000000000","13000000000","7231425847.98","34500000000","4600000000","0","0","551"
"545","55","4","1000000000","569199887.855337","90234354.486947","1000000000","1000000000","13000000000","7399598542.119","34500000000","4600000000","0","0","551"
"546","55","5","1000000000","582136248.942958","93345883.952014","1000000000","1000000000","13000000000","7567771236.258","34500000000","4600000000","0","0","551"
"547","55","6","1000000000","595072610.030579","96457413.417081","1000000000","1000000000","13000000000","7735943930.398","34500000000","4600000000","0","0","551"
"548","55","7","1000000000","608008971.1182","99568942.882149","1000000000","1000000000","13000000000","7904116624.537","34500000000","4600000000","0","0","551"
"549","55","8","1000000000","620945332.205822","102680472.347216","1000000000","1000000000","13000000000","8072289318.676","34500000000","4600000000","0","0","551"
"550","55","9","1000000000","633881693.293443","105792001.812283","1000000000","1000000000","13000000000","8240462012.815","34500000000","4600000000","0","0","551"
"551","56","0","1000000000","750308943.082035","108903531.27735","1000000000","1000000000","13000000000","9754016260.066","34500000000","4600000000","2147483647","2147483647","561"
"552","56","1","1000000000","769066666.659085","113259672.528444","1000000000","1000000000","13000000000","9997866666.568","34500000000","4600000000","0","0","561"
"553","56","2","1000000000","787824390.236136","117615813.779538","1000000000","1000000000","13000000000","10241717073.07","34500000000","4600000000","0","0","561"
"554","56","3","1000000000","806582113.813187","121971955.030632","1000000000","1000000000","13000000000","10485567479.571","34500000000","4600000000","0","0","561"
"555","56","4","1000000000","825339837.390238","126328096.281726","1000000000","1000000000","13000000000","10729417886.073","34500000000","4600000000","0","0","561"
"556","56","5","1000000000","844097560.967289","130684237.53282","1000000000","1000000000","13000000000","10973268292.575","34500000000","4600000000","0","0","561"
"557","56","6","1000000000","862855284.54434","135040378.783914","1000000000","1000000000","13000000000","11217118699.076","34500000000","4600000000","0","0","561"
"558","56","7","1000000000","881613008.121391","139396520.035008","1000000000","1000000000","13000000000","11460969105.578","34500000000","4600000000","0","0","561"
"559","56","8","1000000000","900370731.698442","143752661.286102","1000000000","1000000000","13000000000","11704819512.08","34500000000","4600000000","0","0","561"
"560","56","9","1000000000","919128455.275492","148108802.537196","1000000000","1000000000","13000000000","11948669918.581","34500000000","4600000000","0","0","561"
"561","57","0","1000000000","1000000000","152464943.78829","1000000000","1000000000","13000000000","13000000000","34500000000","4600000000","2147483647","2147483647","571"
"562","57","1","1000000000","1000000000","158563541.539822","1000000000","1000000000","13000000000","13000000000","34500000000","4600000000","0","0","571"
"563","57","2","1000000000","1000000000","164662139.291353","1000000000","1000000000","13000000000","13000000000","34500000000","4600000000","0","0","571"
"564","57","3","1000000000","1000000000","170760737.042885","1000000000","1000000000","13000000000","13000000000","34500000000","4600000000","0","0","571"
"565","57","4","1000000000","1000000000","176859334.794416","1000000000","1000000000","13000000000","13000000000","34500000000","4600000000","0","0","571"
"566","57","5","1000000000","1000000000","182957932.545948","1000000000","1000000000","13000000000","13000000000","34500000000","4600000000","0","0","571"
"567","57","6","1000000000","1000000000","189056530.29748","1000000000","1000000000","13000000000","13000000000","34500000000","4600000000","0","0","571"
"568","57","7","1000000000","1000000000","195155128.049011","1000000000","1000000000","13000000000","13000000000","34500000000","4600000000","0","0","571"
"569","57","8","1000000000","1000000000","201253725.800543","1000000000","1000000000","13000000000","13000000000","34500000000","4600000000","0","0","571"
"570","57","9","1000000000","1000000000","207352323.552074","1000000000","1000000000","13000000000","13000000000","34500000000","4600000000","0","0","571"
"571","58","0","1000000000","1000000000","213450921.303606","1000000000","1000000000","13000000000","13000000000","34500000000","4600000000","2147483647","2147483647","581"
"572","58","1","1000000000","1000000000","221988958.15575","1000000000","1000000000","13000000000","13000000000","34500000000","4600000000","0","0","581"
"573","58","2","1000000000","1000000000","230526995.007894","1000000000","1000000000","13000000000","13000000000","34500000000","4600000000","0","0","581"
"574","58","3","1000000000","1000000000","239065031.860039","1000000000","1000000000","13000000000","13000000000","34500000000","4600000000","0","0","581"
"575","58","4","1000000000","1000000000","247603068.712183","1000000000","1000000000","13000000000","13000000000","34500000000","4600000000","0","0","581"
"576","58","5","1000000000","1000000000","256141105.564327","1000000000","1000000000","13000000000","13000000000","34500000000","4600000000","0","0","581"
"577","58","6","1000000000","1000000000","264679142.416471","1000000000","1000000000","13000000000","13000000000","34500000000","4600000000","0","0","581"
"578","58","7","1000000000","1000000000","273217179.268616","1000000000","1000000000","13000000000","13000000000","34500000000","4600000000","0","0","581"
"579","58","8","1000000000","1000000000","281755216.12076","1000000000","1000000000","13000000000","13000000000","34500000000","4600000000","0","0","581"
"580","58","9","1000000000","1000000000","290293252.972904","1000000000","1000000000","13000000000","13000000000","34500000000","4600000000","0","0","581"
"581","59","0","1000000000","1000000000","298831289.825048","1000000000","1000000000","13000000000","13000000000","34500000000","4600000000","2147483647","2147483647","591"
"582","59","1","1000000000","1000000000","310784541.41805","1000000000","1000000000","13000000000","13000000000","34500000000","4600000000","0","0","591"
"583","59","2","1000000000","1000000000","322737793.011052","1000000000","1000000000","13000000000","13000000000","34500000000","4600000000","0","0","591"
"584","59","3","1000000000","1000000000","334691044.604054","1000000000","1000000000","13000000000","13000000000","34500000000","4600000000","0","0","591"
"585","59","4","1000000000","1000000000","346644296.197056","1000000000","1000000000","13000000000","13000000000","34500000000","4600000000","0","0","591"
"586","59","5","1000000000","1000000000","358597547.790058","1000000000","1000000000","13000000000","13000000000","34500000000","4600000000","0","0","591"
"587","59","6","1000000000","1000000000","370550799.38306","1000000000","1000000000","13000000000","13000000000","34500000000","4600000000","0","0","591"
"588","59","7","1000000000","1000000000","382504050.976062","1000000000","1000000000","13000000000","13000000000","34500000000","4600000000","0","0","591"
"589","59","8","1000000000","1000000000","394457302.569064","1000000000","1000000000","13000000000","13000000000","34500000000","4600000000","0","0","591"
"590","59","9","1000000000","1000000000","406410554.162066","1000000000","1000000000","13000000000","13000000000","34500000000","4600000000","0","0","591"
"591","60","0","1000000000","1000000000","418363805.755067","1000000000","1000000000","13000000000","13000000000","34500000000","4600000000","2147483647","2147483647","601"
"592","60","1","1000000000","1000000000","435098357.98527","1000000000","1000000000","13000000000","13000000000","34500000000","4600000000","0","0","601"
"593","60","2","1000000000","1000000000","451832910.215473","1000000000","1000000000","13000000000","13000000000","34500000000","4600000000","0","0","601"
"594","60","3","1000000000","1000000000","468567462.445676","1000000000","1000000000","13000000000","13000000000","34500000000","4600000000","0","0","601"
"595","60","4","1000000000","1000000000","485302014.675878","1000000000","1000000000","13000000000","13000000000","34500000000","4600000000","0","0","601"
"596","60","5","1000000000","1000000000","502036566.906081","1000000000","1000000000","13000000000","13000000000","34500000000","4600000000","0","0","601"
"597","60","6","1000000000","1000000000","518771119.136284","1000000000","1000000000","13000000000","13000000000","34500000000","4600000000","0","0","601"
"598","60","7","1000000000","1000000000","535505671.366486","1000000000","1000000000","13000000000","13000000000","34500000000","4600000000","0","0","601"
"599","60","8","1000000000","1000000000","552240223.596689","1000000000","1000000000","13000000000","13000000000","34500000000","4600000000","0","0","601"
"600","60","9","1000000000","1000000000","568974775.826892","1000000000","1000000000","13000000000","13000000000","34500000000","4600000000","0","0","601"
"601","61","0","1000000000","1000000000","585709328.057094","1000000000","1000000000","13000000000","13000000000","34500000000","4600000000","2147483647","2147483647","611"
"602","61","1","1000000000","1000000000","609137701.179378","1000000000","1000000000","13000000000","13000000000","34500000000","4600000000","0","0","611"
"603","61","2","1000000000","1000000000","632566074.301662","1000000000","1000000000","13000000000","13000000000","34500000000","4600000000","0","0","611"
"604","61","3","1000000000","1000000000","655994447.423946","1000000000","1000000000","13000000000","13000000000","34500000000","4600000000","0","0","611"
"605","61","4","1000000000","1000000000","679422820.54623","1000000000","1000000000","13000000000","13000000000","34500000000","4600000000","0","0","611"
"606","61","5","1000000000","1000000000","702851193.668513","1000000000","1000000000","13000000000","13000000000","34500000000","4600000000","0","0","611"
"607","61","6","1000000000","1000000000","726279566.790797","1000000000","1000000000","13000000000","13000000000","34500000000","4600000000","0","0","611"
"608","61","7","1000000000","1000000000","749707939.913081","1000000000","1000000000","13000000000","13000000000","34500000000","4600000000","0","0","611"
"609","61","8","1000000000","1000000000","773136313.035365","1000000000","1000000000","13000000000","13000000000","34500000000","4600000000","0","0","611"
"610","61","9","1000000000","1000000000","796564686.157648","1000000000","1000000000","13000000000","13000000000","34500000000","4600000000","0","0","611"
"611","62","0","1000000000","1000000000","819993059.279932","1000000000","1000000000","13000000000","13000000000","34500000000","4600000000","2147483647","2147483647","621"
"612","62","1","1000000000","1000000000","852792781.65113","1000000000","1000000000","13000000000","13000000000","34500000000","4600000000","0","0","621"
"613","62","2","1000000000","1000000000","885592504.022327","1000000000","1000000000","13000000000","13000000000","34500000000","4600000000","0","0","621"
"614","62","3","1000000000","1000000000","918392226.393524","1000000000","1000000000","13000000000","13000000000","34500000000","4600000000","0","0","621"
"615","62","4","1000000000","1000000000","951191948.764721","1000000000","1000000000","13000000000","13000000000","34500000000","4600000000","0","0","621"
"616","62","5","1000000000","1000000000","983991671.135918","1000000000","1000000000","13000000000","13000000000","34500000000","4600000000","0","0","621"
"617","62","6","1000000000","1000000000","1000000000","1000000000","1000000000","13000000000","13000000000","34500000000","4600000000","0","0","621"
"618","62","7","1000000000","1000000000","1000000000","1000000000","1000000000","13000000000","13000000000","34500000000","4600000000","0","0","621"
"619","62","8","1000000000","1000000000","1000000000","1000000000","1000000000","13000000000","13000000000","34500000000","4600000000","0","0","621"
"620","62","9","1000000000","1000000000","1000000000","1000000000","1000000000","13000000000","13000000000","34500000000","4600000000","0","0","621"
"621","63","0","1000000000","1000000000","1000000000","1000000000","1000000000","13000000000","13000000000","34500000000","4600000000","2147483647","2147483647","631"
"622","63","1","1000000000","1000000000","1000000000","1000000000","1000000000","13000000000","13000000000","34500000000","4600000000","0","0","631"
"623","63","2","1000000000","1000000000","1000000000","1000000000","1000000000","13000000000","13000000000","34500000000","4600000000","0","0","631"
"624","63","3","1000000000","1000000000","1000000000","1000000000","1000000000","13000000000","13000000000","34500000000","4600000000","0","0","631"
"625","63","4","1000000000","1000000000","1000000000","1000000000","1000000000","13000000000","13000000000","34500000000","4600000000","0","0","631"
"626","63","5","1000000000","1000000000","1000000000","1000000000","1000000000","13000000000","13000000000","34500000000","4600000000","0","0","631"
"627","63","6","1000000000","1000000000","1000000000","1000000000","1000000000","13000000000","13000000000","34500000000","4600000000","0","0","631"
"628","63","7","1000000000","1000000000","1000000000","1000000000","1000000000","13000000000","13000000000","34500000000","4600000000","0","0","631"
"629","63","8","1000000000","1000000000","1000000000","1000000000","1000000000","13000000000","13000000000","34500000000","4600000000","0","0","631"
"630","63","9","1000000000","1000000000","1000000000","1000000000","1000000000","13000000000","13000000000","34500000000","4600000000","0","0","631"
"631","64","0","1000000000","1000000000","1000000000","1000000000","1000000000","13000000000","13000000000","34500000000","4600000000","2147483647","2147483647","641"
"632","64","1","1000000000","1000000000","1000000000","1000000000","1000000000","13000000000","13000000000","34500000000","4600000000","0","0","641"
"633","64","2","1000000000","1000000000","1000000000","1000000000","1000000000","13000000000","13000000000","34500000000","4600000000","0","0","641"
"634","64","3","1000000000","1000000000","1000000000","1000000000","1000000000","13000000000","13000000000","34500000000","4600000000","0","0","641"
"635","64","4","1000000000","1000000000","1000000000","1000000000","1000000000","13000000000","13000000000","34500000000","4600000000","0","0","641"
"636","64","5","1000000000","1000000000","1000000000","1000000000","1000000000","13000000000","13000000000","34500000000","4600000000","0","0","641"
"637","64","6","1000000000","1000000000","1000000000","1000000000","1000000000","13000000000","13000000000","34500000000","4600000000","0","0","641"
"638","64","7","1000000000","1000000000","1000000000","1000000000","1000000000","13000000000","13000000000","34500000000","4600000000","0","0","641"
"639","64","8","1000000000","1000000000","1000000000","1000000000","1000000000","13000000000","13000000000","34500000000","4600000000","0","0","641"
"640","64","9","1000000000","1000000000","1000000000","1000000000","1000000000","13000000000","13000000000","34500000000","4600000000","0","0","641"
"641","65","0","1000000000","1000000000","1000000000","1000000000","1000000000","13000000000","13000000000","34500000000","4600000000","2147483647","2147483647","651"
"642","65","1","1000000000","1000000000","1000000000","1000000000","1000000000","13000000000","13000000000","34500000000","4600000000","0","0","651"
"643","65","2","1000000000","1000000000","1000000000","1000000000","1000000000","13000000000","13000000000","34500000000","4600000000","0","0","651"
"644","65","3","1000000000","1000000000","1000000000","1000000000","1000000000","13000000000","13000000000","34500000000","4600000000","0","0","651"
"645","65","4","1000000000","1000000000","1000000000","1000000000","1000000000","13000000000","13000000000","34500000000","4600000000","0","0","651"
"646","65","5","1000000000","1000000000","1000000000","1000000000","1000000000","13000000000","13000000000","34500000000","4600000000","0","0","651"
"647","65","6","1000000000","1000000000","1000000000","1000000000","1000000000","13000000000","13000000000","34500000000","4600000000","0","0","651"
"648","65","7","1000000000","1000000000","1000000000","1000000000","1000000000","13000000000","13000000000","34500000000","4600000000","0","0","651"
"649","65","8","1000000000","1000000000","1000000000","1000000000","1000000000","13000000000","13000000000","34500000000","4600000000","0","0","651"
"650","65","9","1000000000","1000000000","1000000000","1000000000","1000000000","13000000000","13000000000","34500000000","4600000000","0","0","651"
"651","66","0","1000000000","1000000000","1000000000","1000000000","1000000000","13000000000","13000000000","34500000000","4600000000","2147483647","2147483647","661"
"652","66","1","1000000000","1000000000","1000000000","1000000000","1000000000","13000000000","13000000000","34500000000","4600000000","0","0","661"
"653","66","2","1000000000","1000000000","1000000000","1000000000","1000000000","13000000000","13000000000","34500000000","4600000000","0","0","661"
"654","66","3","1000000000","1000000000","1000000000","1000000000","1000000000","13000000000","13000000000","34500000000","4600000000","0","0","661"
"655","66","4","1000000000","1000000000","1000000000","1000000000","1000000000","13000000000","13000000000","34500000000","4600000000","0","0","661"
"656","66","5","1000000000","1000000000","1000000000","1000000000","1000000000","13000000000","13000000000","34500000000","4600000000","0","0","661"
"657","66","6","1000000000","1000000000","1000000000","1000000000","1000000000","13000000000","13000000000","34500000000","4600000000","0","0","661"
"658","66","7","1000000000","1000000000","1000000000","1000000000","1000000000","13000000000","13000000000","34500000000","4600000000","0","0","661"
"659","66","8","1000000000","1000000000","1000000000","1000000000","1000000000","13000000000","13000000000","34500000000","4600000000","0","0","661"
"660","66","9","1000000000","1000000000","1000000000","1000000000","1000000000","13000000000","13000000000","34500000000","4600000000","0","0","661"
"661","67","0","1000000000","1000000000","1000000000","1000000000","1000000000","13000000000","13000000000","34500000000","4600000000","2147483647","2147483647","671"
"662","67","1","1000000000","1000000000","1000000000","1000000000","1000000000","13000000000","13000000000","34500000000","4600000000","0","0","671"
"663","67","2","1000000000","1000000000","1000000000","1000000000","1000000000","13000000000","13000000000","34500000000","4600000000","0","0","671"
"664","67","3","1000000000","1000000000","1000000000","1000000000","1000000000","13000000000","13000000000","34500000000","4600000000","0","0","671"
"665","67","4","1000000000","1000000000","1000000000","1000000000","1000000000","13000000000","13000000000","34500000000","4600000000","0","0","671"
"666","67","5","1000000000","1000000000","1000000000","1000000000","1000000000","13000000000","13000000000","34500000000","4600000000","0","0","671"
"667","67","6","1000000000","1000000000","1000000000","1000000000","1000000000","13000000000","13000000000","34500000000","4600000000","0","0","671"
"668","67","7","1000000000","1000000000","1000000000","1000000000","1000000000","13000000000","13000000000","34500000000","4600000000","0","0","671"
"669","67","8","1000000000","1000000000","1000000000","1000000000","1000000000","13000000000","13000000000","34500000000","4600000000","0","0","671"
"670","67","9","1000000000","1000000000","1000000000","1000000000","1000000000","13000000000","13000000000","34500000000","4600000000","0","0","671"
"671","68","0","1000000000","1000000000","1000000000","1000000000","1000000000","13000000000","13000000000","34500000000","4600000000","2147483647","2147483647","681"
"672","68","1","1000000000","1000000000","1000000000","1000000000","1000000000","13000000000","13000000000","34500000000","4600000000","0","0","681"
"673","68","2","1000000000","1000000000","1000000000","1000000000","1000000000","13000000000","13000000000","34500000000","4600000000","0","0","681"
"674","68","3","1000000000","1000000000","1000000000","1000000000","1000000000","13000000000","13000000000","34500000000","4600000000","0","0","681"
"675","68","4","1000000000","1000000000","1000000000","1000000000","1000000000","13000000000","13000000000","34500000000","4600000000","0","0","681"
"676","68","5","1000000000","1000000000","1000000000","1000000000","1000000000","13000000000","13000000000","34500000000","4600000000","0","0","681"
"677","68","6","1000000000","1000000000","1000000000","1000000000","1000000000","13000000000","13000000000","34500000000","4600000000","0","0","681"
"678","68","7","1000000000","1000000000","1000000000","1000000000","1000000000","13000000000","13000000000","34500000000","4600000000","0","0","681"
"679","68","8","1000000000","1000000000","1000000000","1000000000","1000000000","13000000000","13000000000","34500000000","4600000000","0","0","681"
"680","68","9","1000000000","1000000000","1000000000","1000000000","1000000000","13000000000","13000000000","34500000000","4600000000","0","0","681"
"681","69","0","1000000000","1000000000","1000000000","1000000000","1000000000","13000000000","13000000000","34500000000","4600000000","2147483647","2147483647","691"
"682","69","1","1000000000","1000000000","1000000000","1000000000","1000000000","13000000000","13000000000","34500000000","4600000000","0","0","691"
"683","69","2","1000000000","1000000000","1000000000","1000000000","1000000000","13000000000","13000000000","34500000000","4600000000","0","0","691"
"684","69","3","1000000000","1000000000","1000000000","1000000000","1000000000","13000000000","13000000000","34500000000","4600000000","0","0","691"
"685","69","4","1000000000","1000000000","1000000000","1000000000","1000000000","13000000000","13000000000","34500000000","4600000000","0","0","691"
"686","69","5","1000000000","1000000000","1000000000","1000000000","1000000000","13000000000","13000000000","34500000000","4600000000","0","0","691"
"687","69","6","1000000000","1000000000","1000000000","1000000000","1000000000","13000000000","13000000000","34500000000","4600000000","0","0","691"
"688","69","7","1000000000","1000000000","1000000000","1000000000","1000000000","13000000000","13000000000","34500000000","4600000000","0","0","691"
"689","69","8","1000000000","1000000000","1000000000","1000000000","1000000000","13000000000","13000000000","34500000000","4600000000","0","0","691"
"690","69","9","1000000000","1000000000","1000000000","1000000000","1000000000","13000000000","13000000000","34500000000","4600000000","0","0","691"
"691","70","0","1000000000","1000000000","1000000000","1000000000","1000000000","13000000000","13000000000","34500000000","4600000000","2147483647","2147483647","701"
"692","70","1","1000000000","1000000000","1000000000","1000000000","1000000000","13000000000","13000000000","34500000000","4600000000","0","0","701"
"693","70","2","1000000000","1000000000","1000000000","1000000000","1000000000","13000000000","13000000000","34500000000","4600000000","0","0","701"
"694","70","3","1000000000","1000000000","1000000000","1000000000","1000000000","13000000000","13000000000","34500000000","4600000000","0","0","701"
"695","70","4","1000000000","1000000000","1000000000","1000000000","1000000000","13000000000","13000000000","34500000000","4600000000","0","0","701"
"696","70","5","1000000000","1000000000","1000000000","1000000000","1000000000","13000000000","13000000000","34500000000","4600000000","0","0","701"
"697","70","6","1000000000","1000000000","1000000000","1000000000","1000000000","13000000000","13000000000","34500000000","4600000000","0","0","701"
"698","70","7","1000000000","1000000000","1000000000","1000000000","1000000000","13000000000","13000000000","34500000000","4600000000","0","0","701"
"699","70","8","1000000000","1000000000","1000000000","1000000000","1000000000","13000000000","13000000000","34500000000","4600000000","0","0","701"
"700","70","9","1000000000","1000000000","1000000000","1000000000","1000000000","13000000000","13000000000","34500000000","4600000000","0","0","701"
"701","71","0","1000000000","1000000000","1000000000","1000000000","1000000000","13000000000","13000000000","34500000000","4600000000","2147483647","2147483647","711"
"702","71","1","1000000000","1000000000","1000000000","1000000000","1000000000","13000000000","13000000000","34500000000","4600000000","0","0","711"
"703","71","2","1000000000","1000000000","1000000000","1000000000","1000000000","13000000000","13000000000","34500000000","4600000000","0","0","711"
"704","71","3","1000000000","1000000000","1000000000","1000000000","1000000000","13000000000","13000000000","34500000000","4600000000","0","0","711"
"705","71","4","1000000000","1000000000","1000000000","1000000000","1000000000","13000000000","13000000000","34500000000","4600000000","0","0","711"
"706","71","5","1000000000","1000000000","1000000000","1000000000","1000000000","13000000000","13000000000","34500000000","4600000000","0","0","711"
"707","71","6","1000000000","1000000000","1000000000","1000000000","1000000000","13000000000","13000000000","34500000000","4600000000","0","0","711"
"708","71","7","1000000000","1000000000","1000000000","1000000000","1000000000","13000000000","13000000000","34500000000","4600000000","0","0","711"
"709","71","8","1000000000","1000000000","1000000000","1000000000","1000000000","13000000000","13000000000","34500000000","4600000000","0","0","711"
"710","71","9","1000000000","1000000000","1000000000","1000000000","1000000000","13000000000","13000000000","34500000000","4600000000","0","0","711"
"711","72","0","1000000000","1000000000","1000000000","1000000000","1000000000","13000000000","13000000000","34500000000","4600000000","2147483647","2147483647","721"
"712","72","1","1000000000","1000000000","1000000000","1000000000","1000000000","13000000000","13000000000","34500000000","4600000000","0","0","721"
"713","72","2","1000000000","1000000000","1000000000","1000000000","1000000000","13000000000","13000000000","34500000000","4600000000","0","0","721"
"714","72","3","1000000000","1000000000","1000000000","1000000000","1000000000","13000000000","13000000000","34500000000","4600000000","0","0","721"
"715","72","4","1000000000","1000000000","1000000000","1000000000","1000000000","13000000000","13000000000","34500000000","4600000000","0","0","721"
"716","72","5","1000000000","1000000000","1000000000","1000000000","1000000000","13000000000","13000000000","34500000000","4600000000","0","0","721"
"717","72","6","1000000000","1000000000","1000000000","1000000000","1000000000","13000000000","13000000000","34500000000","4600000000","0","0","721"
"718","72","7","1000000000","1000000000","1000000000","1000000000","1000000000","13000000000","13000000000","34500000000","4600000000","0","0","721"
"719","72","8","1000000000","1000000000","1000000000","1000000000","1000000000","13000000000","13000000000","34500000000","4600000000","0","0","721"
"720","72","9","1000000000","1000000000","1000000000","1000000000","1000000000","13000000000","13000000000","34500000000","4600000000","0","0","721"
"721","73","0","1000000000","1000000000","1000000000","1000000000","1000000000","13000000000","13000000000","34500000000","4600000000","2147483647","2147483647","731"
"722","73","1","1000000000","1000000000","1000000000","1000000000","1000000000","13000000000","13000000000","34500000000","4600000000","0","0","731"
"723","73","2","1000000000","1000000000","1000000000","1000000000","1000000000","13000000000","13000000000","34500000000","4600000000","0","0","731"
"724","73","3","1000000000","1000000000","1000000000","1000000000","1000000000","13000000000","13000000000","34500000000","4600000000","0","0","731"
"725","73","4","1000000000","1000000000","1000000000","1000000000","1000000000","13000000000","13000000000","34500000000","4600000000","0","0","731"
"726","73","5","1000000000","1000000000","1000000000","1000000000","1000000000","13000000000","13000000000","34500000000","4600000000","0","0","731"
"727","73","6","1000000000","1000000000","1000000000","1000000000","1000000000","13000000000","13000000000","34500000000","4600000000","0","0","731"
"728","73","7","1000000000","1000000000","1000000000","1000000000","1000000000","13000000000","13000000000","34500000000","4600000000","0","0","731"
"729","73","8","1000000000","1000000000","1000000000","1000000000","1000000000","13000000000","13000000000","34500000000","4600000000","0","0","731"
"730","73","9","1000000000","1000000000","1000000000","1000000000","1000000000","13000000000","13000000000","34500000000","4600000000","0","0","731"
"731","74","0","1000000000","1000000000","1000000000","1000000000","1000000000","13000000000","13000000000","34500000000","4600000000","2147483647","2147483647","741"
"732","74","1","1000000000","1000000000","1000000000","1000000000","1000000000","13000000000","13000000000","34500000000","4600000000","0","0","741"
"733","74","2","1000000000","1000000000","1000000000","1000000000","1000000000","13000000000","13000000000","34500000000","4600000000","0","0","741"
"734","74","3","1000000000","1000000000","1000000000","1000000000","1000000000","13000000000","13000000000","34500000000","4600000000","0","0","741"
"735","74","4","1000000000","1000000000","1000000000","1000000000","1000000000","13000000000","13000000000","34500000000","4600000000","0","0","741"
"736","74","5","1000000000","1000000000","1000000000","1000000000","1000000000","13000000000","13000000000","34500000000","4600000000","0","0","741"
"737","74","6","1000000000","1000000000","1000000000","1000000000","1000000000","13000000000","13000000000","34500000000","4600000000","0","0","741"
"738","74","7","1000000000","1000000000","1000000000","1000000000","1000000000","13000000000","13000000000","34500000000","4600000000","0","0","741"
"739","74","8","1000000000","1000000000","1000000000","1000000000","1000000000","13000000000","13000000000","34500000000","4600000000","0","0","741"
"740","74","9","1000000000","1000000000","1000000000","1000000000","1000000000","13000000000","13000000000","34500000000","4600000000","0","0","741"
"741","75","0","1000000000","1000000000","1000000000","1000000000","1000000000","13000000000","13000000000","34500000000","4600000000","2147483647","2147483647","751"
"742","75","1","1000000000","1000000000","1000000000","1000000000","1000000000","13000000000","13000000000","34500000000","4600000000","0","0","751"
"743","75","2","1000000000","1000000000","1000000000","1000000000","1000000000","13000000000","13000000000","34500000000","4600000000","0","0","751"
"744","75","3","1000000000","1000000000","1000000000","1000000000","1000000000","13000000000","13000000000","34500000000","4600000000","0","0","751"
"745","75","4","1000000000","1000000000","1000000000","1000000000","1000000000","13000000000","13000000000","34500000000","4600000000","0","0","751"
"746","75","5","1000000000","1000000000","1000000000","1000000000","1000000000","13000000000","13000000000","34500000000","4600000000","0","0","751"
"747","75","6","1000000000","1000000000","1000000000","1000000000","1000000000","13000000000","13000000000","34500000000","4600000000","0","0","751"
"748","75","7","1000000000","1000000000","1000000000","1000000000","1000000000","13000000000","13000000000","34500000000","4600000000","0","0","751"
"749","75","8","1000000000","1000000000","1000000000","1000000000","1000000000","13000000000","13000000000","34500000000","4600000000","0","0","751"
"750","75","9","1000000000","1000000000","1000000000","1000000000","1000000000","13000000000","13000000000","34500000000","4600000000","0","0","751"
"751","76","0","1000000000","1000000000","1000000000","1000000000","1000000000","13000000000","13000000000","34500000000","4600000000","2147483647","2147483647","761"
"752","76","1","1000000000","1000000000","1000000000","1000000000","1000000000","13000000000","13000000000","34500000000","4600000000","0","0","761"
"753","76","2","1000000000","1000000000","1000000000","1000000000","1000000000","13000000000","13000000000","34500000000","4600000000","0","0","761"
"754","76","3","1000000000","1000000000","1000000000","1000000000","1000000000","13000000000","13000000000","34500000000","4600000000","0","0","761"
"755","76","4","1000000000","1000000000","1000000000","1000000000","1000000000","13000000000","13000000000","34500000000","4600000000","0","0","761"
"756","76","5","1000000000","1000000000","1000000000","1000000000","1000000000","13000000000","13000000000","34500000000","4600000000","0","0","761"
"757","76","6","1000000000","1000000000","1000000000","1000000000","1000000000","13000000000","13000000000","34500000000","4600000000","0","0","761"
"758","76","7","1000000000","1000000000","1000000000","1000000000","1000000000","13000000000","13000000000","34500000000","4600000000","0","0","761"
"759","76","8","1000000000","1000000000","1000000000","1000000000","1000000000","13000000000","13000000000","34500000000","4600000000","0","0","761"
"760","76","9","1000000000","1000000000","1000000000","1000000000","1000000000","13000000000","13000000000","34500000000","4600000000","0","0","761"
"761","77","0","1000000000","1000000000","1000000000","1000000000","1000000000","13000000000","13000000000","34500000000","4600000000","2147483647","2147483647","771"
"762","77","1","1000000000","1000000000","1000000000","1000000000","1000000000","13000000000","13000000000","34500000000","4600000000","0","0","771"
"763","77","2","1000000000","1000000000","1000000000","1000000000","1000000000","13000000000","13000000000","34500000000","4600000000","0","0","771"
"764","77","3","1000000000","1000000000","1000000000","1000000000","1000000000","13000000000","13000000000","34500000000","4600000000","0","0","771"
"765","77","4","1000000000","1000000000","1000000000","1000000000","1000000000","13000000000","13000000000","34500000000","4600000000","0","0","771"
"766","77","5","1000000000","1000000000","1000000000","1000000000","1000000000","13000000000","13000000000","34500000000","4600000000","0","0","771"
"767","77","6","1000000000","1000000000","1000000000","1000000000","1000000000","13000000000","13000000000","34500000000","4600000000","0","0","771"
"768","77","7","1000000000","1000000000","1000000000","1000000000","1000000000","13000000000","13000000000","34500000000","4600000000","0","0","771"
"769","77","8","1000000000","1000000000","1000000000","1000000000","1000000000","13000000000","13000000000","34500000000","4600000000","0","0","771"
"770","77","9","1000000000","1000000000","1000000000","1000000000","1000000000","13000000000","13000000000","34500000000","4600000000","0","0","771"
"771","78","0","1000000000","1000000000","1000000000","1000000000","1000000000","13000000000","13000000000","34500000000","4600000000","2147483647","2147483647","781"
"772","78","1","1000000000","1000000000","1000000000","1000000000","1000000000","13000000000","13000000000","34500000000","4600000000","0","0","781"
"773","78","2","1000000000","1000000000","1000000000","1000000000","1000000000","13000000000","13000000000","34500000000","4600000000","0","0","781"
"774","78","3","1000000000","1000000000","1000000000","1000000000","1000000000","13000000000","13000000000","34500000000","4600000000","0","0","781"
"775","78","4","1000000000","1000000000","1000000000","1000000000","1000000000","13000000000","13000000000","34500000000","4600000000","0","0","781"
"776","78","5","1000000000","1000000000","1000000000","1000000000","1000000000","13000000000","13000000000","34500000000","4600000000","0","0","781"
"777","78","6","1000000000","1000000000","1000000000","1000000000","1000000000","13000000000","13000000000","34500000000","4600000000","0","0","781"
"778","78","7","1000000000","1000000000","1000000000","1000000000","1000000000","13000000000","13000000000","34500000000","4600000000","0","0","781"
"779","78","8","1000000000","1000000000","1000000000","1000000000","1000000000","13000000000","13000000000","34500000000","4600000000","0","0","781"
"780","78","9","1000000000","1000000000","1000000000","1000000000","1000000000","13000000000","13000000000","34500000000","4600000000","0","0","781"
"781","79","0","1000000000","1000000000","1000000000","1000000000","1000000000","13000000000","13000000000","34500000000","4600000000","2147483647","2147483647","791"
"782","79","1","1000000000","1000000000","1000000000","1000000000","1000000000","13000000000","13000000000","34500000000","4600000000","0","0","791"
"783","79","2","1000000000","1000000000","1000000000","1000000000","1000000000","13000000000","13000000000","34500000000","4600000000","0","0","791"
"784","79","3","1000000000","1000000000","1000000000","1000000000","1000000000","13000000000","13000000000","34500000000","4600000000","0","0","791"
"785","79","4","1000000000","1000000000","1000000000","1000000000","1000000000","13000000000","13000000000","34500000000","4600000000","0","0","791"
"786","79","5","1000000000","1000000000","1000000000","1000000000","1000000000","13000000000","13000000000","34500000000","4600000000","0","0","791"
"787","79","6","1000000000","1000000000","1000000000","1000000000","1000000000","13000000000","13000000000","34500000000","4600000000","0","0","791"
"788","79","7","1000000000","1000000000","1000000000","1000000000","1000000000","13000000000","13000000000","34500000000","4600000000","0","0","791"
"789","79","8","1000000000","1000000000","1000000000","1000000000","1000000000","13000000000","13000000000","34500000000","4600000000","0","0","791"
"790","79","9","1000000000","1000000000","1000000000","1000000000","1000000000","13000000000","13000000000","34500000000","4600000000","0","0","791"
"791","80","0","1000000000","1000000000","1000000000","1000000000","1000000000","13000000000","13000000000","34500000000","4600000000","2147483647","2147483647","801"
"792","80","1","1000000000","1000000000","1000000000","1000000000","1000000000","13000000000","13000000000","34500000000","4600000000","0","0","801"
"793","80","2","1000000000","1000000000","1000000000","1000000000","1000000000","13000000000","13000000000","34500000000","4600000000","0","0","801"
"794","80","3","1000000000","1000000000","1000000000","1000000000","1000000000","13000000000","13000000000","34500000000","4600000000","0","0","801"
"795","80","4","1000000000","1000000000","1000000000","1000000000","1000000000","13000000000","13000000000","34500000000","4600000000","0","0","801"
"796","80","5","1000000000","1000000000","1000000000","1000000000","1000000000","13000000000","13000000000","34500000000","4600000000","0","0","801"
"797","80","6","1000000000","1000000000","1000000000","1000000000","1000000000","13000000000","13000000000","34500000000","4600000000","0","0","801"
"798","80","7","1000000000","1000000000","1000000000","1000000000","1000000000","13000000000","13000000000","34500000000","4600000000","0","0","801"
"799","80","8","1000000000","1000000000","1000000000","1000000000","1000000000","13000000000","13000000000","34500000000","4600000000","0","0","801"
"800","80","9","1000000000","1000000000","1000000000","1000000000","1000000000","13000000000","13000000000","34500000000","4600000000","0","0","801"
"801","81","0","1000000000","1000000000","1000000000","1000000000","1000000000","13000000000","13000000000","34500000000","4600000000","2147483647","2147483647","811"
"802","81","1","1000000000","1000000000","1000000000","1000000000","1000000000","13000000000","13000000000","34500000000","4600000000","0","0","811"
"803","81","2","1000000000","1000000000","1000000000","1000000000","1000000000","13000000000","13000000000","34500000000","4600000000","0","0","811"
"804","81","3","1000000000","1000000000","1000000000","1000000000","1000000000","13000000000","13000000000","34500000000","4600000000","0","0","811"
"805","81","4","1000000000","1000000000","1000000000","1000000000","1000000000","13000000000","13000000000","34500000000","4600000000","0","0","811"
"806","81","5","1000000000","1000000000","1000000000","1000000000","1000000000","13000000000","13000000000","34500000000","4600000000","0","0","811"
"807","81","6","1000000000","1000000000","1000000000","1000000000","1000000000","13000000000","13000000000","34500000000","4600000000","0","0","811"
"808","81","7","1000000000","1000000000","1000000000","1000000000","1000000000","13000000000","13000000000","34500000000","4600000000","0","0","811"
"809","81","8","1000000000","1000000000","1000000000","1000000000","1000000000","13000000000","13000000000","34500000000","4600000000","0","0","811"
"810","81","9","1000000000","1000000000","1000000000","1000000000","1000000000","13000000000","13000000000","34500000000","4600000000","0","0","811"
"811","82","0","1000000000","1000000000","1000000000","1000000000","1000000000","13000000000","13000000000","34500000000","4600000000","2147483647","2147483647","821"
"812","82","1","1000000000","1000000000","1000000000","1000000000","1000000000","13000000000","13000000000","34500000000","4600000000","0","0","821"
"813","82","2","1000000000","1000000000","1000000000","1000000000","1000000000","13000000000","13000000000","34500000000","4600000000","0","0","821"
"814","82","3","1000000000","1000000000","1000000000","1000000000","1000000000","13000000000","13000000000","34500000000","4600000000","0","0","821"
"815","82","4","1000000000","1000000000","1000000000","1000000000","1000000000","13000000000","13000000000","34500000000","4600000000","0","0","821"
"816","82","5","1000000000","1000000000","1000000000","1000000000","1000000000","13000000000","13000000000","34500000000","4600000000","0","0","821"
"817","82","6","1000000000","1000000000","1000000000","1000000000","1000000000","13000000000","13000000000","34500000000","4600000000","0","0","821"
"818","82","7","1000000000","1000000000","1000000000","1000000000","1000000000","13000000000","13000000000","34500000000","4600000000","0","0","821"
"819","82","8","1000000000","1000000000","1000000000","1000000000","1000000000","13000000000","13000000000","34500000000","4600000000","0","0","821"
"820","82","9","1000000000","1000000000","1000000000","1000000000","1000000000","13000000000","13000000000","34500000000","4600000000","0","0","821"
"821","83","0","1000000000","1000000000","1000000000","1000000000","1000000000","13000000000","13000000000","34500000000","4600000000","2147483647","2147483647","831"
"822","83","1","1000000000","1000000000","1000000000","1000000000","1000000000","13000000000","13000000000","34500000000","4600000000","0","0","831"
"823","83","2","1000000000","1000000000","1000000000","1000000000","1000000000","13000000000","13000000000","34500000000","4600000000","0","0","831"
"824","83","3","1000000000","1000000000","1000000000","1000000000","1000000000","13000000000","13000000000","34500000000","4600000000","0","0","831"
"825","83","4","1000000000","1000000000","1000000000","1000000000","1000000000","13000000000","13000000000","34500000000","4600000000","0","0","831"
"826","83","5","1000000000","1000000000","1000000000","1000000000","1000000000","13000000000","13000000000","34500000000","4600000000","0","0","831"
"827","83","6","1000000000","1000000000","1000000000","1000000000","1000000000","13000000000","13000000000","34500000000","4600000000","0","0","831"
"828","83","7","1000000000","1000000000","1000000000","1000000000","1000000000","13000000000","13000000000","34500000000","4600000000","0","0","831"
"829","83","8","1000000000","1000000000","1000000000","1000000000","1000000000","13000000000","13000000000","34500000000","4600000000","0","0","831"
"830","83","9","1000000000","1000000000","1000000000","1000000000","1000000000","13000000000","13000000000","34500000000","4600000000","0","0","831"
"831","84","0","1000000000","1000000000","1000000000","1000000000","1000000000","13000000000","13000000000","34500000000","4600000000","2147483647","2147483647","841"
"832","84","1","1000000000","1000000000","1000000000","1000000000","1000000000","13000000000","13000000000","34500000000","4600000000","0","0","841"
"833","84","2","1000000000","1000000000","1000000000","1000000000","1000000000","13000000000","13000000000","34500000000","4600000000","0","0","841"
"834","84","3","1000000000","1000000000","1000000000","1000000000","1000000000","13000000000","13000000000","34500000000","4600000000","0","0","841"
"835","84","4","1000000000","1000000000","1000000000","1000000000","1000000000","13000000000","13000000000","34500000000","4600000000","0","0","841"
"836","84","5","1000000000","1000000000","1000000000","1000000000","1000000000","13000000000","13000000000","34500000000","4600000000","0","0","841"
"837","84","6","1000000000","1000000000","1000000000","1000000000","1000000000","13000000000","13000000000","34500000000","4600000000","0","0","841"
"838","84","7","1000000000","1000000000","1000000000","1000000000","1000000000","13000000000","13000000000","34500000000","4600000000","0","0","841"
"839","84","8","1000000000","1000000000","1000000000","1000000000","1000000000","13000000000","13000000000","34500000000","4600000000","0","0","841"
"840","84","9","1000000000","1000000000","1000000000","1000000000","1000000000","13000000000","13000000000","34500000000","4600000000","0","0","841"
"841","85","0","1000000000","1000000000","1000000000","1000000000","1000000000","13000000000","13000000000","34500000000","4600000000","2147483647","2147483647","851"
"842","85","1","1000000000","1000000000","1000000000","1000000000","1000000000","13000000000","13000000000","34500000000","4600000000","0","0","851"
"843","85","2","1000000000","1000000000","1000000000","1000000000","1000000000","13000000000","13000000000","34500000000","4600000000","0","0","851"
"844","85","3","1000000000","1000000000","1000000000","1000000000","1000000000","13000000000","13000000000","34500000000","4600000000","0","0","851"
"845","85","4","1000000000","1000000000","1000000000","1000000000","1000000000","13000000000","13000000000","34500000000","4600000000","0","0","851"
"846","85","5","1000000000","1000000000","1000000000","1000000000","1000000000","13000000000","13000000000","34500000000","4600000000","0","0","851"
"847","85","6","1000000000","1000000000","1000000000","1000000000","1000000000","13000000000","13000000000","34500000000","4600000000","0","0","851"
"848","85","7","1000000000","1000000000","1000000000","1000000000","1000000000","13000000000","13000000000","34500000000","4600000000","0","0","851"
"849","85","8","1000000000","1000000000","1000000000","1000000000","1000000000","13000000000","13000000000","34500000000","4600000000","0","0","851"
"850","85","9","1000000000","1000000000","1000000000","1000000000","1000000000","13000000000","13000000000","34500000000","4600000000","0","0","851"
"851","86","0","1000000000","1000000000","1000000000","1000000000","1000000000","13000000000","13000000000","34500000000","4600000000","2147483647","2147483647","861"
"852","86","1","1000000000","1000000000","1000000000","1000000000","1000000000","13000000000","13000000000","34500000000","4600000000","0","0","861"
"853","86","2","1000000000","1000000000","1000000000","1000000000","1000000000","13000000000","13000000000","34500000000","4600000000","0","0","861"
"854","86","3","1000000000","1000000000","1000000000","1000000000","1000000000","13000000000","13000000000","34500000000","4600000000","0","0","861"
"855","86","4","1000000000","1000000000","1000000000","1000000000","1000000000","13000000000","13000000000","34500000000","4600000000","0","0","861"
"856","86","5","1000000000","1000000000","1000000000","1000000000","1000000000","13000000000","13000000000","34500000000","4600000000","0","0","861"
"857","86","6","1000000000","1000000000","1000000000","1000000000","1000000000","13000000000","13000000000","34500000000","4600000000","0","0","861"
"858","86","7","1000000000","1000000000","1000000000","1000000000","1000000000","13000000000","13000000000","34500000000","4600000000","0","0","861"
"859","86","8","1000000000","1000000000","1000000000","1000000000","1000000000","13000000000","13000000000","34500000000","4600000000","0","0","861"
"860","86","9","1000000000","1000000000","1000000000","1000000000","1000000000","13000000000","13000000000","34500000000","4600000000","0","0","861"
"861","87","0","1000000000","1000000000","1000000000","1000000000","1000000000","13000000000","13000000000","34500000000","4600000000","2147483647","2147483647","871"
"862","87","1","1000000000","1000000000","1000000000","1000000000","1000000000","13000000000","13000000000","34500000000","4600000000","0","0","871"
"863","87","2","1000000000","1000000000","1000000000","1000000000","1000000000","13000000000","13000000000","34500000000","4600000000","0","0","871"
"864","87","3","1000000000","1000000000","1000000000","1000000000","1000000000","13000000000","13000000000","34500000000","4600000000","0","0","871"
"865","87","4","1000000000","1000000000","1000000000","1000000000","1000000000","13000000000","13000000000","34500000000","4600000000","0","0","871"
"866","87","5","1000000000","1000000000","1000000000","1000000000","1000000000","13000000000","13000000000","34500000000","4600000000","0","0","871"
"867","87","6","1000000000","1000000000","1000000000","1000000000","1000000000","13000000000","13000000000","34500000000","4600000000","0","0","871"
"868","87","7","1000000000","1000000000","1000000000","1000000000","1000000000","13000000000","13000000000","34500000000","4600000000","0","0","871"
"869","87","8","1000000000","1000000000","1000000000","1000000000","1000000000","13000000000","13000000000","34500000000","4600000000","0","0","871"
"870","87","9","1000000000","1000000000","1000000000","1000000000","1000000000","13000000000","13000000000","34500000000","4600000000","0","0","871"
"871","88","0","1000000000","1000000000","1000000000","1000000000","1000000000","13000000000","13000000000","34500000000","4600000000","2147483647","2147483647","881"
"872","88","1","1000000000","1000000000","1000000000","1000000000","1000000000","13000000000","13000000000","34500000000","4600000000","0","0","881"
"873","88","2","1000000000","1000000000","1000000000","1000000000","1000000000","13000000000","13000000000","34500000000","4600000000","0","0","881"
"874","88","3","1000000000","1000000000","1000000000","1000000000","1000000000","13000000000","13000000000","34500000000","4600000000","0","0","881"
"875","88","4","1000000000","1000000000","1000000000","1000000000","1000000000","13000000000","13000000000","34500000000","4600000000","0","0","881"
"876","88","5","1000000000","1000000000","1000000000","1000000000","1000000000","13000000000","13000000000","34500000000","4600000000","0","0","881"
"877","88","6","1000000000","1000000000","1000000000","1000000000","1000000000","13000000000","13000000000","34500000000","4600000000","0","0","881"
"878","88","7","1000000000","1000000000","1000000000","1000000000","1000000000","13000000000","13000000000","34500000000","4600000000","0","0","881"
"879","88","8","1000000000","1000000000","1000000000","1000000000","1000000000","13000000000","13000000000","34500000000","4600000000","0","0","881"
"880","88","9","1000000000","1000000000","1000000000","1000000000","1000000000","13000000000","13000000000","34500000000","4600000000","0","0","881"
"881","89","0","1000000000","1000000000","1000000000","1000000000","1000000000","13000000000","13000000000","34500000000","4600000000","2147483647","2147483647","891"
"882","89","1","1000000000","1000000000","1000000000","1000000000","1000000000","13000000000","13000000000","34500000000","4600000000","0","0","891"
"883","89","2","1000000000","1000000000","1000000000","1000000000","1000000000","13000000000","13000000000","34500000000","4600000000","0","0","891"
"884","89","3","1000000000","1000000000","1000000000","1000000000","1000000000","13000000000","13000000000","34500000000","4600000000","0","0","891"
"885","89","4","1000000000","1000000000","1000000000","1000000000","1000000000","13000000000","13000000000","34500000000","4600000000","0","0","891"
"886","89","5","1000000000","1000000000","1000000000","1000000000","1000000000","13000000000","13000000000","34500000000","4600000000","0","0","891"
"887","89","6","1000000000","1000000000","1000000000","1000000000","1000000000","13000000000","13000000000","34500000000","4600000000","0","0","891"
"888","89","7","1000000000","1000000000","1000000000","1000000000","1000000000","13000000000","13000000000","34500000000","4600000000","0","0","891"
"889","89","8","1000000000","1000000000","1000000000","1000000000","1000000000","13000000000","13000000000","34500000000","4600000000","0","0","891"
"890","89","9","1000000000","1000000000","1000000000","1000000000","1000000000","13000000000","13000000000","34500000000","4600000000","0","0","891"
"891","90","0","1000000000","1000000000","1000000000","1000000000","1000000000","13000000000","13000000000","34500000000","4600000000","2147483647","2147483647","901"
"892","90","1","1000000000","1000000000","1000000000","1000000000","1000000000","13000000000","13000000000","34500000000","4600000000","0","0","901"
"893","90","2","1000000000","1000000000","1000000000","1000000000","1000000000","13000000000","13000000000","34500000000","4600000000","0","0","901"
"894","90","3","1000000000","1000000000","1000000000","1000000000","1000000000","13000000000","13000000000","34500000000","4600000000","0","0","901"
"895","90","4","1000000000","1000000000","1000000000","1000000000","1000000000","13000000000","13000000000","34500000000","4600000000","0","0","901"
"896","90","5","1000000000","1000000000","1000000000","1000000000","1000000000","13000000000","13000000000","34500000000","4600000000","0","0","901"
"897","90","6","1000000000","1000000000","1000000000","1000000000","1000000000","13000000000","13000000000","34500000000","4600000000","0","0","901"
"898","90","7","1000000000","1000000000","1000000000","1000000000","1000000000","13000000000","13000000000","34500000000","4600000000","0","0","901"
"899","90","8","1000000000","1000000000","1000000000","1000000000","1000000000","13000000000","13000000000","34500000000","4600000000","0","0","901"
"900","90","9","1000000000","1000000000","1000000000","1000000000","1000000000","13000000000","13000000000","34500000000","4600000000","0","0","901"
"901","91","0","1000000000","1000000000","1000000000","1000000000","1000000000","13000000000","13000000000","34500000000","4600000000","2147483647","2147483647","911"
"902","91","1","1000000000","1000000000","1000000000","1000000000","1000000000","13000000000","13000000000","34500000000","4600000000","0","0","911"
"903","91","2","1000000000","1000000000","1000000000","1000000000","1000000000","13000000000","13000000000","34500000000","4600000000","0","0","911"
"904","91","3","1000000000","1000000000","1000000000","1000000000","1000000000","13000000000","13000000000","34500000000","4600000000","0","0","911"
"905","91","4","1000000000","1000000000","1000000000","1000000000","1000000000","13000000000","13000000000","34500000000","4600000000","0","0","911"
"906","91","5","1000000000","1000000000","1000000000","1000000000","1000000000","13000000000","13000000000","34500000000","4600000000","0","0","911"
"907","91","6","1000000000","1000000000","1000000000","1000000000","1000000000","13000000000","13000000000","34500000000","4600000000","0","0","911"
"908","91","7","1000000000","1000000000","1000000000","1000000000","1000000000","13000000000","13000000000","34500000000","4600000000","0","0","911"
"909","91","8","1000000000","1000000000","1000000000","1000000000","1000000000","13000000000","13000000000","34500000000","4600000000","0","0","911"
"910","91","9","1000000000","1000000000","1000000000","1000000000","1000000000","13000000000","13000000000","34500000000","4600000000","0","0","911"
"911","92","0","1000000000","1000000000","1000000000","1000000000","1000000000","13000000000","13000000000","34500000000","4600000000","2147483647","2147483647","921"
"912","92","1","1000000000","1000000000","1000000000","1000000000","1000000000","13000000000","13000000000","34500000000","4600000000","0","0","921"
"913","92","2","1000000000","1000000000","1000000000","1000000000","1000000000","13000000000","13000000000","34500000000","4600000000","0","0","921"
"914","92","3","1000000000","1000000000","1000000000","1000000000","1000000000","13000000000","13000000000","34500000000","4600000000","0","0","921"
"915","92","4","1000000000","1000000000","1000000000","1000000000","1000000000","13000000000","13000000000","34500000000","4600000000","0","0","921"
"916","92","5","1000000000","1000000000","1000000000","1000000000","1000000000","13000000000","13000000000","34500000000","4600000000","0","0","921"
"917","92","6","1000000000","1000000000","1000000000","1000000000","1000000000","13000000000","13000000000","34500000000","4600000000","0","0","921"
"918","92","7","1000000000","1000000000","1000000000","1000000000","1000000000","13000000000","13000000000","34500000000","4600000000","0","0","921"
"919","92","8","1000000000","1000000000","1000000000","1000000000","1000000000","13000000000","13000000000","34500000000","4600000000","0","0","921"
"920","92","9","1000000000","1000000000","1000000000","1000000000","1000000000","13000000000","13000000000","34500000000","4600000000","0","0","921"
"921","93","0","1000000000","1000000000","1000000000","1000000000","1000000000","13000000000","13000000000","34500000000","4600000000","2147483647","2147483647","931"
"922","93","1","1000000000","1000000000","1000000000","1000000000","1000000000","13000000000","13000000000","34500000000","4600000000","0","0","931"
"923","93","2","1000000000","1000000000","1000000000","1000000000","1000000000","13000000000","13000000000","34500000000","4600000000","0","0","931"
"924","93","3","1000000000","1000000000","1000000000","1000000000","1000000000","13000000000","13000000000","34500000000","4600000000","0","0","931"
"925","93","4","1000000000","1000000000","1000000000","1000000000","1000000000","13000000000","13000000000","34500000000","4600000000","0","0","931"
"926","93","5","1000000000","1000000000","1000000000","1000000000","1000000000","13000000000","13000000000","34500000000","4600000000","0","0","931"
"927","93","6","1000000000","1000000000","1000000000","1000000000","1000000000","13000000000","13000000000","34500000000","4600000000","0","0","931"
"928","93","7","1000000000","1000000000","1000000000","1000000000","1000000000","13000000000","13000000000","34500000000","4600000000","0","0","931"
"929","93","8","1000000000","1000000000","1000000000","1000000000","1000000000","13000000000","13000000000","34500000000","4600000000","0","0","931"
"930","93","9","1000000000","1000000000","1000000000","1000000000","1000000000","13000000000","13000000000","34500000000","4600000000","0","0","931"
"931","94","0","1000000000","1000000000","1000000000","1000000000","1000000000","13000000000","13000000000","34500000000","4600000000","2147483647","2147483647","941"
"932","94","1","1000000000","1000000000","1000000000","1000000000","1000000000","13000000000","13000000000","34500000000","4600000000","0","0","941"
"933","94","2","1000000000","1000000000","1000000000","1000000000","1000000000","13000000000","13000000000","34500000000","4600000000","0","0","941"
"934","94","3","1000000000","1000000000","1000000000","1000000000","1000000000","13000000000","13000000000","34500000000","4600000000","0","0","941"
"935","94","4","1000000000","1000000000","1000000000","1000000000","1000000000","13000000000","13000000000","34500000000","4600000000","0","0","941"
"936","94","5","1000000000","1000000000","1000000000","1000000000","1000000000","13000000000","13000000000","34500000000","4600000000","0","0","941"
"937","94","6","1000000000","1000000000","1000000000","1000000000","1000000000","13000000000","13000000000","34500000000","4600000000","0","0","941"
"938","94","7","1000000000","1000000000","1000000000","1000000000","1000000000","13000000000","13000000000","34500000000","4600000000","0","0","941"
"939","94","8","1000000000","1000000000","1000000000","1000000000","1000000000","13000000000","13000000000","34500000000","4600000000","0","0","941"
"940","94","9","1000000000","1000000000","1000000000","1000000000","1000000000","13000000000","13000000000","34500000000","4600000000","0","0","941"
"941","95","0","1000000000","1000000000","1000000000","1000000000","1000000000","13000000000","13000000000","34500000000","4600000000","2147483647","2147483647","951"
"942","95","1","1000000000","1000000000","1000000000","1000000000","1000000000","13000000000","13000000000","34500000000","4600000000","0","0","951"
"943","95","2","1000000000","1000000000","1000000000","1000000000","1000000000","13000000000","13000000000","34500000000","4600000000","0","0","951"
"944","95","3","1000000000","1000000000","1000000000","1000000000","1000000000","13000000000","13000000000","34500000000","4600000000","0","0","951"
"945","95","4","1000000000","1000000000","1000000000","1000000000","1000000000","13000000000","13000000000","34500000000","4600000000","0","0","951"
"946","95","5","1000000000","1000000000","1000000000","1000000000","1000000000","13000000000","13000000000","34500000000","4600000000","0","0","951"
"947","95","6","1000000000","1000000000","1000000000","1000000000","1000000000","13000000000","13000000000","34500000000","4600000000","0","0","951"
"948","95","7","1000000000","1000000000","1000000000","1000000000","1000000000","13000000000","13000000000","34500000000","4600000000","0","0","951"
"949","95","8","1000000000","1000000000","1000000000","1000000000","1000000000","13000000000","13000000000","34500000000","4600000000","0","0","951"
"950","95","9","1000000000","1000000000","1000000000","1000000000","1000000000","13000000000","13000000000","34500000000","4600000000","0","0","951"
"951","96","0","1000000000","1000000000","1000000000","1000000000","1000000000","13000000000","13000000000","34500000000","4600000000","2147483647","2147483647","961"
"952","96","1","1000000000","1000000000","1000000000","1000000000","1000000000","13000000000","13000000000","34500000000","4600000000","0","0","961"
"953","96","2","1000000000","1000000000","1000000000","1000000000","1000000000","13000000000","13000000000","34500000000","4600000000","0","0","961"
"954","96","3","1000000000","1000000000","1000000000","1000000000","1000000000","13000000000","13000000000","34500000000","4600000000","0","0","961"
"955","96","4","1000000000","1000000000","1000000000","1000000000","1000000000","13000000000","13000000000","34500000000","4600000000","0","0","961"
"956","96","5","1000000000","1000000000","1000000000","1000000000","1000000000","13000000000","13000000000","34500000000","4600000000","0","0","961"
"957","96","6","1000000000","1000000000","1000000000","1000000000","1000000000","13000000000","13000000000","34500000000","4600000000","0","0","961"
"958","96","7","1000000000","1000000000","1000000000","1000000000","1000000000","13000000000","13000000000","34500000000","4600000000","0","0","961"
"959","96","8","1000000000","1000000000","1000000000","1000000000","1000000000","13000000000","13000000000","34500000000","4600000000","0","0","961"
"960","96","9","1000000000","1000000000","1000000000","1000000000","1000000000","13000000000","13000000000","34500000000","4600000000","0","0","961"
"961","97","0","1000000000","1000000000","1000000000","1000000000","1000000000","13000000000","13000000000","34500000000","4600000000","2147483647","2147483647","971"
"962","97","1","1000000000","1000000000","1000000000","1000000000","1000000000","13000000000","13000000000","34500000000","4600000000","0","0","971"
"963","97","2","1000000000","1000000000","1000000000","1000000000","1000000000","13000000000","13000000000","34500000000","4600000000","0","0","971"
"964","97","3","1000000000","1000000000","1000000000","1000000000","1000000000","13000000000","13000000000","34500000000","4600000000","0","0","971"
"965","97","4","1000000000","1000000000","1000000000","1000000000","1000000000","13000000000","13000000000","34500000000","4600000000","0","0","971"
"966","97","5","1000000000","1000000000","1000000000","1000000000","1000000000","13000000000","13000000000","34500000000","4600000000","0","0","971"
"967","97","6","1000000000","1000000000","1000000000","1000000000","1000000000","13000000000","13000000000","34500000000","4600000000","0","0","971"
"968","97","7","1000000000","1000000000","1000000000","1000000000","1000000000","13000000000","13000000000","34500000000","4600000000","0","0","971"
"969","97","8","1000000000","1000000000","1000000000","1000000000","1000000000","13000000000","13000000000","34500000000","4600000000","0","0","971"
"970","97","9","1000000000","1000000000","1000000000","1000000000","1000000000","13000000000","13000000000","34500000000","4600000000","0","0","971"
"971","98","0","1000000000","1000000000","1000000000","1000000000","1000000000","13000000000","13000000000","34500000000","4600000000","2147483647","2147483647","981"
"972","98","1","1000000000","1000000000","1000000000","1000000000","1000000000","13000000000","13000000000","34500000000","4600000000","0","0","981"
"973","98","2","1000000000","1000000000","1000000000","1000000000","1000000000","13000000000","13000000000","34500000000","4600000000","0","0","981"
"974","98","3","1000000000","1000000000","1000000000","1000000000","1000000000","13000000000","13000000000","34500000000","4600000000","0","0","981"
"975","98","4","1000000000","1000000000","1000000000","1000000000","1000000000","13000000000","13000000000","34500000000","4600000000","0","0","981"
"976","98","5","1000000000","1000000000","1000000000","1000000000","1000000000","13000000000","13000000000","34500000000","4600000000","0","0","981"
"977","98","6","1000000000","1000000000","1000000000","1000000000","1000000000","13000000000","13000000000","34500000000","4600000000","0","0","981"
"978","98","7","1000000000","1000000000","1000000000","1000000000","1000000000","13000000000","13000000000","34500000000","4600000000","0","0","981"
"979","98","8","1000000000","1000000000","1000000000","1000000000","1000000000","13000000000","13000000000","34500000000","4600000000","0","0","981"
"980","98","9","1000000000","1000000000","1000000000","1000000000","1000000000","13000000000","13000000000","34500000000","4600000000","0","0","981"
"981","99","0","1000000000","1000000000","1000000000","1000000000","1000000000","13000000000","13000000000","34500000000","4600000000","2147483647","2147483647","991"
"982","99","1","1000000000","1000000000","1000000000","1000000000","1000000000","13000000000","13000000000","34500000000","4600000000","0","0","991"
"983","99","2","1000000000","1000000000","1000000000","1000000000","1000000000","13000000000","13000000000","34500000000","4600000000","0","0","991"
"984","99","3","1000000000","1000000000","1000000000","1000000000","1000000000","13000000000","13000000000","34500000000","4600000000","0","0","991"
"985","99","4","1000000000","1000000000","1000000000","1000000000","1000000000","13000000000","13000000000","34500000000","4600000000","0","0","991"
"986","99","5","1000000000","1000000000","1000000000","1000000000","1000000000","13000000000","13000000000","34500000000","4600000000","0","0","991"
"987","99","6","1000000000","1000000000","1000000000","1000000000","1000000000","13000000000","13000000000","34500000000","4600000000","0","0","991"
"988","99","7","1000000000","1000000000","1000000000","1000000000","1000000000","13000000000","13000000000","34500000000","4600000000","0","0","991"
"989","99","8","1000000000","1000000000","1000000000","1000000000","1000000000","13000000000","13000000000","34500000000","4600000000","0","0","991"
"990","99","9","1000000000","1000000000","1000000000","1000000000","1000000000","13000000000","13000000000","34500000000","4600000000","0","0","991"
"991","100","0","1000000000","1000000000","1000000000","1000000000","1000000000","13000000000","13000000000","34500000000","4600000000","2147483647","2147483647","1001"
"992","100","1","1000000000","1000000000","1000000000","1000000000","1000000000","13000000000","13000000000","34500000000","4600000000","0","0","1001"
"993","100","2","1000000000","1000000000","1000000000","1000000000","1000000000","13000000000","13000000000","34500000000","4600000000","0","0","1001"
"994","100","3","1000000000","1000000000","1000000000","1000000000","1000000000","13000000000","13000000000","34500000000","4600000000","0","0","1001"
"995","100","4","1000000000","1000000000","1000000000","1000000000","1000000000","13000000000","13000000000","34500000000","4600000000","0","0","1001"
"996","100","5","1000000000","1000000000","1000000000","1000000000","1000000000","13000000000","13000000000","34500000000","4600000000","0","0","1001"
"997","100","6","1000000000","1000000000","1000000000","1000000000","1000000000","13000000000","13000000000","34500000000","4600000000","0","0","1001"
"998","100","7","1000000000","1000000000","1000000000","1000000000","1000000000","13000000000","13000000000","34500000000","4600000000","0","0","1001"
"999","100","8","1000000000","1000000000","1000000000","1000000000","1000000000","13000000000","13000000000","34500000000","4600000000","0","0","1001"
"1000","100","9","1000000000","1000000000","1000000000","1000000000","1000000000","13000000000","13000000000","34500000000","4600000000","0","0","1001"
